MJRCHQWUS9cdbvLP2G9EChTkna3PboqfhG,,,,,,,,,,,,,,,,,,,,,,,,,,,,,,,,,,,,,,,,,,,,,,,,,,,,,,,,,,,,,,,,,,,,,,,,,,,,,,,,,,,,,,,,,,,,,,,,,,,,,,,,,,,,,,,,,,,,,,,,
MFBGfNLtyv3qHHkzD2v2iJqQ99m4LRdr6m,MGf2E2vNXDodrZyjWsMWqAUFtAXGhGbJqz,MWzNz4Q7TQ6NY47XLJNyGTeBph3tuVGD2A,MJiQCnuhgUhHPxe7xv5HWoxreRmHiFVEkh,M8yQ6y8haMtm4DbWgZygitAjDEkLqmfErd,MF43tC3hNDWhkNY8rF7nSXgJMFBp735i3e,MJdUMJnXAcasp2FhVkXPXKg8iF491j4B58,,,,,,,,,,,,,,,,,,,,,,,,,,,,,,,,,,,,,,,,,,,,,,,,,,,,,,,,,,,,,,,,,,,,,,,,,,,,,,,,,,,,,,,,,,,,,,,,,,,,,,,,,,,,,,,,,,
MSvDXoX6hfm9xESg56SAARuGvioZXFTegC,MWoinaaw74GPzx4SYUGg2Shaah9kUQWSCA,MMc9bWvePc2SBXtmNBscXTurtJiMxMJ7X6,MKJaeL1xPUyKHizBWpEyVi4yy6WFjnU2nn,MErCXD3fFUDHpHr6GZ8JAnBTsq7LzTWt5c,MWPCU4CmpVgGmrPtHKBWgjbCga8ZnwftQV,MEStsTSYXkRAK1XG3wi22oNRpjzvjHQEup,MPXf44AiVjJoTwRDPa1wsf1SgBA2abVmLn,,,,,,,,,,,,,,,,,,,,,,,,,,,,,,,,,,,,,,,,,,,,,,,,,,,,,,,,,,,,,,,,,,,,,,,,,,,,,,,,,,,,,,,,,,,,,,,,,,,,,,,,,,,,,,,,,
MHFSzXbKSV6yc6cMXKjjok4xv1PxJmpffy,M8durFuprcwHVvzu3YoxDuUjF4koWzDDhZ,MUZW4ZJPLvTYXk3tmNxvXjXmK17m4xXvyg,MP8teKpJ867nDWFacRkQohwnaEsKPeC2aJ,MWLxZTd7TA1Xng3kVSmXqa2Hxsw61br3ye,MT4b7EdVPeNaJvZZ9yLMofZmrL4epQorXQ,M9om2LeAGNP9SER97PQsjomXz6KHrKkbzf,MArZvudjtVxk8J9VnrwwKnCcU4jugHE7Fo,MNiSELNUV5KymSj7TnJTvDq7VZsdbEx62G,M8heRxnht8Z5xbopewhh1wHJyQFLA1F4U7,MEi3DFy31MoQXiTUMusw2gSB497KouyG7q,MT9TMHrXSh5f6JmodVzirdq95TwkV3tB75,M993HmZ5XNoKs6c2HAtjo7Nkv8Mpfn9gAy,MLEwzPTkirdTzCrYmwTX94xXC84t3pDw1r,MSXuXD7GKi9zDN6E56TXz5ueGN7bcoqXpy,MMUeNHTghYjCWcX4jKpT2g5KzBQuG7vYCi,,,,,,,,,,,,,,,,,,,,,,,,,,,,,,,,,,,,,,,,,,,,,,,,,,,,,,,,,,,,,,,,,,,,,,,,,,,,,,,,,,,,,,,,,,,,,,,,,,,,,,,,,
MR5o89GNzH4KBGbiHjqRYJE7yQEqVA97G9,MSEtqF6QZMhv8vTf1XbDCqVHhAXSdUiJTg,MCN5Yxe8RrWqEtgZokx3rtKE8tcNXmQmvU,MPiy9JNU7hEaPSQgYyQ83D77QEAs9n44BY,MVDVepEi9qMc78E7BTeTnGYkrpMXqdhfur,MJwqoaCC7kc4p87DYW9UMndN35wAxXHcN3,M9kWQgxVvLTfbCJAMDkbom28At5V6PqDcc,,,,,,,,,,,,,,,,,,,,,,,,,,,,,,,,,,,,,,,,,,,,,,,,,,,,,,,,,,,,,,,,,,,,,,,,,,,,,,,,,,,,,,,,,,,,,,,,,,,,,,,,,,,,,,,,,,
MCL56qfjH2L6spREaAhGgCL5i6HRTLjsEs,,,,,,,,,,,,,,,,,,,,,,,,,,,,,,,,,,,,,,,,,,,,,,,,,,,,,,,,,,,,,,,,,,,,,,,,,,,,,,,,,,,,,,,,,,,,,,,,,,,,,,,,,,,,,,,,,,,,,,,,
MELKq5ERTeRzhKXqJZbsjzXKahueeNoZw9,MTHWbR7vkJUpzwyz7Ydw3PRQCwiqwSUVpB,MFvhBjZqw5rPpyGM18xyHX7L4ejKaTU8Qe,M9otAMK6BSUBYaVDYNV9YbAZui5bJ4H8zS,MBQ7Q5r3ZpKNLx7UtfbFAHmpDkyg5HNzkx,MN6oLgrAB7kyYh9zfQh3pge2CNV2ch4wuQ,MNZFP4zvUFnLn9sJP7MAgm8XsrCteXNpPS,MPWQad35xoSPsBXPbfpDB75RFTMQRhrs4G,MQwMM8yjwyUbJGWECxdbmyH9t1fRP9Bco2,MRAXuVWtng17NAk7vLruFtvjdxeQcPvwCm,MBBPXjMMLYTiaK7zj6hZA7jj8YMQg6ksGT,MFg1CkhDh6jUPhVt9RFzgZ3mQboH1FNDK7,MG4nbdw1orbNVfdAwkBg153ddqxAYirZ95,MBpMZ9muRvV1b9smw8nqFKzEFqze3GUvXh,MVu2eWXp9qSjSQq9MAjysiLUjgJ2onshtK,MPQm34cjLE1y1hNBkBBeVbVqe5qjKqW4BT,MEtKCUn3CiPuxpV8Hsf8YCuk8q7rWbtMj3,MUwWyHEW1aYMXb1TZUML6G4adoo2kF3phC,M9WhPNPLukWq8ZGsDeLs6GrQBMiM6f597R,M9efhmjS8sh4F1qUDXQtZJzkH2hMZiFHop,MUXJNE13yp7aqPGPZnL7SqWxxeKw4EKZxX,MFNKN1pgtJ2iq9NpnJ2YEPPyUWgV3hwPMf,MRnAGnoxNKR8cqMEUmCF7CrGzLyX475xEp,MP9vAan1EWjP6A5Gi7Ks5tegmMJR1ZXcPq,MLZkFxrf32SfEMTPzKbTuAN3w9YXqknggo,MREe1vn8NV7WhGcVGGicY8Vz1dTYhwz9qU,MFTuCjHbvt9Xa9EuT2ruTNytoaBNvLbDCu,MU6F8ZG6eggi8xdF9neF3o8w4WmJa7cQKS,MADTncX2y2cgDGts4pTXA5AxAY5SNgzq2v,,,,,,,,,,,,,,,,,,,,,,,,,,,,,,,,,,,,,,,,,,,,,,,,,,,,,,,,,,,,,,,,,,,,,,,,,,,,,,,,,,,,,,,,,,,,
MWuV3U9qTQ3WdZTwE4REXvYmu9sURTsJoP,MQsLN5pn2M4LZcDTjsZv13VQwuWVf1N4wP,,,,,,,,,,,,,,,,,,,,,,,,,,,,,,,,,,,,,,,,,,,,,,,,,,,,,,,,,,,,,,,,,,,,,,,,,,,,,,,,,,,,,,,,,,,,,,,,,,,,,,,,,,,,,,,,,,,,,,,
MEnseNDh1QZSb6diPiNztpaTsJ2ByonXqB,MUx1iH9tFxPPyZRfqLSGhrPBxg4ZjHYLWe,MHDGrUo4yWywDqhrZubTWLCH1tSxwe9YGG,MPj9hL97JKwg8WvsPXQUkXXQstVKdNjBTJ,MQA5xHjoL66KLEaZ299VjUtCWYH7z548uK,MQVcQuvRUE78hpXLEi5qKhxRWSUDArZJoT,MR7FGBPSFuCcaHNhuqknAoUh7GRtaC6t73,MGbd26zsG2KZhePvdc6qZEp4Maqc597bgA,MCreQE8Fa6XcF4QDyEJrdw5CC8ViUoHZAc,MFC68zofAvHCLeefvx617dk1CcUrLnNfMX,MFwtmrR4JFgLj9bSB2DtHHc5EpMQnKVfux,,,,,,,,,,,,,,,,,,,,,,,,,,,,,,,,,,,,,,,,,,,,,,,,,,,,,,,,,,,,,,,,,,,,,,,,,,,,,,,,,,,,,,,,,,,,,,,,,,,,,,,,,,,,,,
MG2m1jxj22suBNAWocawtdSKGCiFEqTTK1,MG2m1jxj22suBNAWocawtdSKGCiFEqTTK1,MVqCKT8VY29N54n3mZALtEVpdX8Cmjtawg,MG2m1jxj22suBNAWocawtdSKGCiFEqTTK1,MG2m1jxj22suBNAWocawtdSKGCiFEqTTK1,,,,,,,,,,,,,,,,,,,,,,,,,,,,,,,,,,,,,,,,,,,,,,,,,,,,,,,,,,,,,,,,,,,,,,,,,,,,,,,,,,,,,,,,,,,,,,,,,,,,,,,,,,,,,,,,,,,,
MEuYT9dvQjafeATwQp6sf77con9VtSidHZ,MALVLrCkbqJ4bRpe1XenVMPi3d4acaKuR4,MGTTDDCrfaHBCnBYRyfqQ7E1kFLtfnAnqL,MGZcwer5zZw9K92A961A8HhLvvKXZToVyg,MNNXYxD7vJJktKYjJEstWgAVhNfF8pw5eW,MGsZWFtj2MpJ4tC9uDx7bwJKW7ZtMaMynL,ML8hCBLrzfJ3fiRfSo2fbpYxDdNFdMMuM1,MQJGA7igRBPVa7jcbgGExfwqQaomhdpGdf,MPCequ4kxaK8KSrE5JFZGyTmpKiM5xun4N,,,,,,,,,,,,,,,,,,,,,,,,,,,,,,,,,,,,,,,,,,,,,,,,,,,,,,,,,,,,,,,,,,,,,,,,,,,,,,,,,,,,,,,,,,,,,,,,,,,,,,,,,,,,,,,,
MJdCxuTkTuRabFznNcgTJoref7PJoVwuoo,,,,,,,,,,,,,,,,,,,,,,,,,,,,,,,,,,,,,,,,,,,,,,,,,,,,,,,,,,,,,,,,,,,,,,,,,,,,,,,,,,,,,,,,,,,,,,,,,,,,,,,,,,,,,,,,,,,,,,,,
MPWyiKX4xSVt2WpQq1iduJkzVEuEs9yJF2,MNPX1ASuQn7rH5iL31Bxa1QM6V3Hb7qFr6,MEgD6dHKcjYM15drp9WJAL2rT4W1urY66V,M9nH12FrUMBTsmu6EPL4CcBhq7xGH2jnTw,MFpctEhegSrsMtVZQnGT5a5vudrjP6fiKc,M81kuCwgG9LruVXWKzpVqhtuNNd6enAX86,MEetTxKaEmNjdQWqiHv3o3ftMa5d7ZEi4t,MNSF6PMZT5ZpidbTB1qxXEfWZuEqHo6a6y,MX9839WajkM7Xn5RjVAcac7vEJDu1xK2Pi,MSjwZXC4S42iSVDxfckQ9hTYvrBBcmBVL4,MCfyBQoCatRLQvVXbRTuP9HHvFAiq1wBdz,MCG9S1SfmPtmCAwQbfzU7ES61qup6W3b4H,MBivKtXXmvjLB1LsUMJerEjWoUGUtSR19d,MVXVPU4CuhonLBtZ16eG7CWSHDXtughQQD,MEUQ81qEEaBdojtLc24M2ELkZJSauhpm58,MCopbRvLkFU74nzTBLvLaDNvEkh8surmp1,MGbi9YpdC579VEi7FXJoLn2EbAim957PT5,MFckP1bCFxipsdqssdKkxrQWqX4Sa2qeMW,MBBmmyc2EN1oQoZwK8pcp87mGx9aFwDM74,MW8FTr1gEe5bnTaB9V84xyupafgw4L1BWH,MJSXSUzXcTpk8TP4fq2zn73Gydw4JRx96H,MFozh3UR2AycwLwU9kJ3ub5v98aRE1DKPF,MVTjF2rPo8saZom8bTqRVsi2xaQoaUmB97,MMLojNbAAt24wVmeP5gQmCtrBbMcmM32PJ,ML8hCBLrzfJ3fiRfSo2fbpYxDdNFdMMuM1,MEP33mYS2UGGU9ZkTBQDbxKkKpcjZrPpXy,MLCJnsbqs4hpWzqS2KFqU5ekre2TGHxasE,MSYpjwdtWszHdmqrBC8TK8fFfDcb9LbN51,MLJzJh6pDAysac38DvUubLve9S4NWbG3ag,M9edVkBfe4aEN47TFLpiCXpekXjmdxDbQ1,MBLJ42gagW1afLc8DHuf5usZ6XUsEgsJNJ,MHicag9o6JBiBJNGwfeEqkDmDhXwfHaN91,MWN44grkgecHMT71n1VwMS61QCyioETBo9,,,,,,,,,,,,,,,,,,,,,,,,,,,,,,,,,,,,,,,,,,,,,,,,,,,,,,,,,,,,,,,,,,,,,,,,,,,,,,,,,,,,,,,,
MVPVmbbm7g3f9PF2xRV6RSoSnw8xfr8kNj,MFzoYYc22tiQXNxagvihUDqYjrMTcAtrHk,MH4QzyRkBDFTUzDPi4HpVyPKWM5Xg5xnT9,MLdJDZDkKzd4kU5bz96rYSbvMJ9thjYegA,MH6F8z5MMWhyHetmA7o9MrnthwfZFVCdxX,MPNKPvUpmTx9wTK7BEs9nWoZwKTsSiPBXf,MAKc4btGEyiN7n7GnnzsAHRsZXjq8cnqxX,MJhQzjKzXQjFn23p7pj7gNLDuyD856vqZR,MC1UuJKVJ9CJWCpG23mELKvJLHV86G9jET,MC1UuJKVJ9CJWCpG23mELKvJLHV86G9jET,MPqLfhH57G6J3MY4FmJvpumVxrQrHdZYtK,MVPVmbbm7g3f9PF2xRV6RSoSnw8xfr8kNj,MWGAoZt74RiZTHaYPaaPUiRXEyR4YeCov4,MGNdwfqQj3PTBSZNar23amcAmyBz6m895P,MLPpmdTbivpL8QmX8zv1DEVk6N96kueEDL,MLbxzc7VuAGoY6VdSz6e4dnjzJX236omfb,MMmjqwXgkyqZQPDiQzhArn3nKBtsG7dVuL,MGnPkvZkDegxBtNA99Z15ruAtLPbgm9YdF,MRKZkuvwsgd89vVmusufknxY9z7xKdAbSq,MTFWC1Ar4r1m7SnVkaw24KEhS7tBFZmS7w,MBAz9kdcz7neGUu8HAqqv1W6zfCLgeBoPP,MLgkZqV5qYRMPzKdswXBJpEykkHp42WNts,M9ryhijpYnFxwaDWaPSyobhKmFbbSR1a5D,MCqNZ9kYXYGPGCwMxibK6ZtxdCLLinmn4G,MS1B36Z2eVgXu9DJgybL3BToYCWWyADijG,MHfB9VfMYzvc25Bk98hgBQvjzKSsXzdYLx,MFUc8EuuSafaeHxPTzn8hQbzEwTTo4bqiQ,MDLZcjWhqgxUZkoCVA9gU3JRZJcYBQPPAz,ME7eW8gvLy7tuD2Kxisw7tyCppiSyAZkNu,MJce9DjHSUkUMrSn91gF4Xvu6BTjvyas6h,MK57KejEa7nWvCyyUaEnnHL9jCfFXmzFe9,MELR1PVmspqhB6Z5BGJ8WXgSo3ADso65EX,MRak3NtcPfrVMkxdjKDZN8Gc63aC3h9UeT,MLKZdmqG9GiYxW9YTm5TBDkkspCejVphbs,MLKZdmqG9GiYxW9YTm5TBDkkspCejVphbs,MLKZdmqG9GiYxW9YTm5TBDkkspCejVphbs,MLKZdmqG9GiYxW9YTm5TBDkkspCejVphbs,MLKZdmqG9GiYxW9YTm5TBDkkspCejVphbs,MLKZdmqG9GiYxW9YTm5TBDkkspCejVphbs,MLKZdmqG9GiYxW9YTm5TBDkkspCejVphbs,MLKZdmqG9GiYxW9YTm5TBDkkspCejVphbs,MLKZdmqG9GiYxW9YTm5TBDkkspCejVphbs,MLKZdmqG9GiYxW9YTm5TBDkkspCejVphbs,MGcDmTtxjeqd3V3iXrQ1JgTFf7BSJcs4RG,MLKZdmqG9GiYxW9YTm5TBDkkspCejVphbs,MLKZdmqG9GiYxW9YTm5TBDkkspCejVphbs,MVPVmbbm7g3f9PF2xRV6RSoSnw8xfr8kNj,MBQGPgPjwryJEg9dXxGMkGKa2zRjWFasVV,MRFuEZ4jd5drLnuB3hiThF2wd8vj7UuGt8,MRkGJGP3ZpGwLNvVJnsbv8qoPq7c71EQ2m,MRFuEZ4jd5drLnuB3hiThF2wd8vj7UuGt8,,,,,,,,,,,,,,,,,,,,,,,,,,,,,,,,,,,,,,,,,,,,,,,,,,,,,,,,,,,,,,,,,,,,,,
MJ16vwAnLXKLVQ6obozxTmxLbRPLNNW5CF,MRDT34Ry34Z1oHih13Xu1XAt4wnkLtZJoV,MWacFBo4QF1EyRxwK4MQLaNSoY6qjeHM88,MEVC4nLSHP7C19TcGeZnBmuk6k4UCRdncQ,MFYgTnLfYzY8ayNudXAG3aoSHbc3L1Hopq,,,,,,,,,,,,,,,,,,,,,,,,,,,,,,,,,,,,,,,,,,,,,,,,,,,,,,,,,,,,,,,,,,,,,,,,,,,,,,,,,,,,,,,,,,,,,,,,,,,,,,,,,,,,,,,,,,,,
MGzBWcPy6CdEMUCaZ74uKV4V1DMWUs8NnW,MVjAc42UYb8NgP6RkUikzz8dP1Ha2roFhe,MEpShrv2RK71AYU9ihDkoPccnkmuNcKDzF,MRAVtxhKanQL75oF7hDspUNhFmnjc33Pkn,MWRsaMkv2hkKCw9dZ4XphNdkvygtfdKaUC,MTR7q4RCtzTt64EGXTg4uT37M3acQNUXHm,MGC6bF9DY26DUrYjbXD3c9VmcoWqqfA8JN,MMBae2iU7feDbK1EggVRbDKdgMx6vA2DBH,MLfGsbYhfv22RGx1KnC154NzBx9NvkKBYr,MLDHB8kiHMLV1DmLtrUYNhW8Hhn4xiVSxz,MNj3VR5pFfuoKR6t9XgGC7YLtt8DxU4cdT,MRn1KnjaJtRZojtpyGcrZrTQcA3RU6VaoR,MBFkArMGnvnuUGCDnmLZ4pAHfbwbCjX1fq,MRa5payjeqDShBVxzVpwZUX28Nkuceocvo,MDes8n2s5EWgjk33ZSdjHF2jppxVep7m3N,,,,,,,,,,,,,,,,,,,,,,,,,,,,,,,,,,,,,,,,,,,,,,,,,,,,,,,,,,,,,,,,,,,,,,,,,,,,,,,,,,,,,,,,,,,,,,,,,,,,,,,,,,
MNps4WQuYBbo1uWNFwfH6Lgbetg4v4Lc72,MKJaeL1xPUyKHizBWpEyVi4yy6WFjnU2nn,MLVQeXGhdGeLUahvcciLjvxsMn87QL1hTD,MTyixzrNydaq7NsE7sZLYvpPhnFcHxMPpa,,,,,,,,,,,,,,,,,,,,,,,,,,,,,,,,,,,,,,,,,,,,,,,,,,,,,,,,,,,,,,,,,,,,,,,,,,,,,,,,,,,,,,,,,,,,,,,,,,,,,,,,,,,,,,,,,,,,,
M8cWPapBgwR3GMtUpkLLyix8GQq3Ngx6Ct,MCyS2ASm3mEvjvAWxJkoASdyFMtBkTGVPW,MNjcqjWC451UCRW5m5ZMAeVSRBZABW4hKq,MSYb2AAXuLfJqcAoHiC3fn85EDsfAZ67N8,MVYxoYNwyHrmSBaR1yMUNFbA9Rw8XCodQ1,MMiaQGiHb9737NWyY8jQWkgcmpRJ6cz1pP,,,,,,,,,,,,,,,,,,,,,,,,,,,,,,,,,,,,,,,,,,,,,,,,,,,,,,,,,,,,,,,,,,,,,,,,,,,,,,,,,,,,,,,,,,,,,,,,,,,,,,,,,,,,,,,,,,,
372Bqwf7oQGGKS5DEZhoVd1V7dNT6g9Gpb,372UDGuqV59MjxEusJgYNiK6SAowZb1sFx,35dE4QV1Cj5CPutaa1gjqrLr5LLRktMdHD,3QqkfgiH639ukTNXfHTXB8iFToFVAj7rzQ,3BhZwTrq66oSwLZyt1SjN8t1UAw52QZjVq,3Dq2y6xtLyrpjor7zPXjgMEM7R9jNxmD3Q,3QS5RPtTbXaM1MHmZGBxPm9BwX1Er58kRK,36K6p9xARc6ZWrzA3mBBMfj4kkfT7Nadra,3GJSj3sPABcywpE1MHhLMKggCoiDtjGR67,32M1UnUhvbP8bkki4uKx2Mky4vsSgLJDJU,3BPgQ3Pj4WDXFXBRS9eDJqPCLeZpcTcJ6U,3NBDPVAZqdBA4otXsr43n9a62S1JXfJAdA,341JHDLXdvQyy4qa38QDsWAapzQK8ztJSA,35uyVFkJkK5D3zo6mQXQBtdJ4Jfeegr7s6,3PccT8qRYuoJyJjGbsco9DJj22cPq6ZaVz,39EgQhTctodEXisDYt8KZBwb4QbMHsFeF3,32M1UnUhvbP8bkki4uKx2Mky4vsSgLJDJU,3KtoZnsHLy5DotuxtFNZpqgd2QNqcrg37a,3CghuQi8fU6orPhXnv4G2hvrd4hKxeR5x7,3DvB4qMQqhGSMGcJ26eyjVLJGFTnwD286i,3BhZwTrq66oSwLZyt1SjN8t1UAw52QZjVq,3DibVSqeeTy5RQXWSqViX11meDVfn7RkSS,3NG5Lysuiyu8AjtQJ8R6jLTKCiVhn35yto,3BQb3yrRFCHtAJYkHyMQpari1UnJYvoJcE,3Jaa4sxMQCFc5sz2R76ofNW3t4YqQBU6NV,3NiBmXN3RCbZVvR7xgxXmgNHCXtnWGakZG,342zVTYoz79CEME2yQBzfqs3qFZf9P5Hrh,3Dq2y6xtLyrpjor7zPXjgMEM7R9jNxmD3Q,3F59gYv2uNePrRzJANDz51SFoJPHe3b92S,3BRiZT5jjYoXcSJ4qztvy7nWtgKMNBwXZx,3P5HXahaBfnJbFLjUncbQzngesvkdt7CdR,341JHDLXdvQyy4qa38QDsWAapzQK8ztJSA,33ugNz3zMrvydhB6GiXqax5zQ5zsxhF4DH,3EKDDF3fWVTrgh648Yn2WDb1rrGB3kLYDT,372Bqwf7oQGGKS5DEZhoVd1V7dNT6g9Gpb,382RYcxE9GNMA38xAMgj6Fz9CoLeZU75Z9,342zVTYoz79CEME2yQBzfqs3qFZf9P5Hrh,342zVTYoz79CEME2yQBzfqs3qFZf9P5Hrh,342zVTYoz79CEME2yQBzfqs3qFZf9P5Hrh,342zVTYoz79CEME2yQBzfqs3qFZf9P5Hrh,342zVTYoz79CEME2yQBzfqs3qFZf9P5Hrh,36i4QHkU1nFQLX8m2LZBk6y4G44J9kvFU7,342zVTYoz79CEME2yQBzfqs3qFZf9P5Hrh,3DWNy8DwhXPXohkVuxfCumbVsBgx8gJmCB,382RYcxE9GNMA38xAMgj6Fz9CoLeZU75Z9,342zVTYoz79CEME2yQBzfqs3qFZf9P5Hrh,33gCPaavixsRR84BrekRNFLuaun3yavk6b,36k7to6dTCpgfLMo7n8qH9kzbVGhrcULVN,,,,,,,,,,,,,,,,,,,,,,,,,,,,,,,,,,,,,,,,,,,,,,,,,,,,,,,,,,,,,,,,,,,,,,,,,
MRFuEZ4jd5drLnuB3hiThF2wd8vj7UuGt8,MNpJyKYRxJdvotydUnn1S7n1rwQuV2DFcD,MNT1oRYbQUStcKppxZxSKiWa1Cg7AApYbx,MPqLfhH57G6J3MY4FmJvpumVxrQrHdZYtK,MEh8LKtzdwnR1gCL9UVViqSH7hX3c8DVsB,MPNKPvUpmTx9wTK7BEs9nWoZwKTsSiPBXf,MB9fFq1L85UaaA8ab3R2Gj9JfqUAcYPzsi,MSmvhLWDJbAqLmjigtwMbN8b32gojgp44u,MNpJyKYRxJdvotydUnn1S7n1rwQuV2DFcD,MNXJ2Sjg4SuPw8epzhmmqMkJS3kur71tbf,MNXJ2Sjg4SuPw8epzhmmqMkJS3kur71tbf,MVPVmbbm7g3f9PF2xRV6RSoSnw8xfr8kNj,MFtfWT8nhm2GGrYmEMzyeyrhZn5jzHt921,MJTneqCfvzzA194BFcYVJHbY5CjxHpaw8N,MUfSoa3sSYz1iPbJACmyAZpYfa3APYhv3H,MGfJvENcuxuT6Tdp94Jx9TSwk5UjTsAc6F,M98rT9WqErpMVcsx9x8Rtpwbqfeuytf1Kd,MTv4atabzXGzQJPeJCdEoKDYPAbqDyqJ64,MKfQ3dLNxja8t5Cp8CAAWGjv5rkDkwnLNR,MHsq7KWRdhPfiksuCTsYQUABkfM4T3Nsoz,MGnPkvZkDegxBtNA99Z15ruAtLPbgm9YdF,MAAEdYryzEjBzFrmPpXdiKzbsr1UVKCnwA,MDUH4mg6jTXz1VQR2ResJk2TLLfQLswsBm,MW6Un4z77cskmL8EtPd1KQ7j4shN55b8h4,MHPyRfmXamkLKceLUuUwHhtfKpJRetJA95,M9xbrMMcztgMRqNv5WJBrV7BWZcE9YusZk,MNn99aWKaAhmQ3cJftKajqFYqHURAP2gg3,ME46tgarHMkxojYpzXtgaUHQK94bpsfnv1,MH2WxpQK9gjfobpGV2dk8AspSNUgchUTiv,MQw9C31tADEFAuNcUKupNLfBnTB1gMJjQc,MGmiAJJQSzfB1SArNFjFLjnN9SdfWgnQcc,MVPVmbbm7g3f9PF2xRV6RSoSnw8xfr8kNj,MNH7QN4GyDXubxLPKVB3vLNpXFkGTFedXg,MK57KejEa7nWvCyyUaEnnHL9jCfFXmzFe9,MRFuEZ4jd5drLnuB3hiThF2wd8vj7UuGt8,MVPVmbbm7g3f9PF2xRV6RSoSnw8xfr8kNj,MRFuEZ4jd5drLnuB3hiThF2wd8vj7UuGt8,MFtfWT8nhm2GGrYmEMzyeyrhZn5jzHt921,MGcDmTtxjeqd3V3iXrQ1JgTFf7BSJcs4RG,MFtfWT8nhm2GGrYmEMzyeyrhZn5jzHt921,MRFuEZ4jd5drLnuB3hiThF2wd8vj7UuGt8,MFtfWT8nhm2GGrYmEMzyeyrhZn5jzHt921,MRFuEZ4jd5drLnuB3hiThF2wd8vj7UuGt8,MTZtHAaTmPrfNDABSUUQ6yeoH5EuJ4rUyi,MRFuEZ4jd5drLnuB3hiThF2wd8vj7UuGt8,MTZtHAaTmPrfNDABSUUQ6yeoH5EuJ4rUyi,M8MXRBTvgoGh3Bha9Pzd5KCMgGrw5929r9,MCVeYUtrWDgCLFC1jpajR7bWrgxdJ44f7T,MCVeYUtrWDgCLFC1jpajR7bWrgxdJ44f7T,MCVeYUtrWDgCLFC1jpajR7bWrgxdJ44f7T,,,,,,,,,,,,,,,,,,,,,,,,,,,,,,,,,,,,,,,,,,,,,,,,,,,,,,,,,,,,,,,,,,,,,,,
MMRRSxD3enbGM9VVd3qbAtBwySvgoryy26,ME7qFmk35XGdJcFgVE8QpxpZuyow8wVFTf,MCFX9r1XSiPdSKTwXLHXkfA5jobcJKPjmH,MHkky7Wym4PK7ZozkmiwB6U3ePY1a6AW7r,MFuLUEUNZCkb8be4xsP6xJTxZpAWyMZeR5,MLkWq99ZUjGrh13nttZjFhAH7wFUwW6MeW,MF4G6cQAz46uBTb1KyHS9qaMyh7kFLcicT,MFjDNu8uuQ8248svFUBWQyvhy2osN86ETe,MPrNXLU4rsWsmJPZGLjFza7axZy68Mok1t,MEq3jv3EAFamHjdsRSGNrFNEGBhxy7azcd,MP1uggP45dzaMUNFVSujnckWuycjZBYMbC,MWrx9miY7A2C31tZNmYW86nAqPLkr6jv84,M94wafjFVmLsNyXnnH98X3BzeZiyv9kW3x,MDP5PYcFpqqKfJwk8xaifswqhJrkg8TXRJ,MKn3zowMCRvmpdBbh5XCgRfHFS14dSEtzP,MAL6JX85uckWqeiZaLe1ULCSvaofbzYrAm,MGt2LribyTURUJEdphkXY6s8V7daRpnuMS,MLpwADCXETxGHoc4qofFJpvX9rBeQCEdsL,MBzpETNtXgAKSdwzBew1N1Wqozqkj6T5oa,MSv8UTeXHNpgmMm15eVWdzc3nUs6PBHxu5,MCA6HrpVjBLKAgZvkos2qWcYSbZ3HJyz17,MQDW9yU45xZ125QBgPDWjj2zHY4txCBnxw,MT4eW6FMZhGLHovpLwZibdRguLYrY6gxL3,MFvhjinrZ2sKhzE8R5EWLMLAJQ75ioav2k,M8zpCMmVQF82KBbyjo63eYFyNxcJzFjoLu,M9mxcUDHRHgbQkCivUf1ibnP899jFcxTDb,MPeG3JwSbGQV5Z3qPeVFp2HNJbNeTPaexh,MLx33K9Zq81uHiQM4nGp8QVCxExnTumXP7,MSzHodD5YzWhP9p9rHpc9BDWkkJUb46RAw,MWvKdLNojX1nBLwCfrSWDmooeeFEXSofrK,MTWyLoyDGYUH7Q8mq2uBwNCbcDjbKKtFKv,MFJqLZkzKrtikWpgFmgWoCgimyK3fv4hga,MPXuPyECt9amgpkX4entgK6c7JVRPFNg8g,MG4vNA2F2eSsr6ttnxrH1aSFt4CAj6WcDF,MBJ91JrPRTtnui4mw5v4QJ2A5KQsn7Ybw5,MH46KtWTgE4J7xRDqXiG3g2uhHzJkzg2gk,MV3RHfdJpG2F5NkfhHfoYGwFMcoe9wMWkb,MKfXXyajhekgv8i5oPvr5RX7WRfk3qrEGf,MWCKpvJEWSPiGyX9Mj9jz9SkYE2UBHnvJ2,ME3qc5G26EhhDVUChzwnFoygUuDx7QpVSU,MUFgxQnK9V9aP2KVK7kcsvFeaU5PZJJpjt,MBXX1XSN5LhZczoyZnECFTYwfW6a5RpXoj,MFu6BVH98UevvtbxTCg9jYsG4U4vEHMtbe,MPf7pAc95ai3axYc7CcNJEFCRWr2TveJAU,MWCKpvJEWSPiGyX9Mj9jz9SkYE2UBHnvJ2,,,,,,,,,,,,,,,,,,,,,,,,,,,,,,,,,,,,,,,,,,,,,,,,,,,,,,,,,,,,,,,,,,,,,,,,,,,,
MK5trDReF84PAKKWLjw115DzJAvy18Hi5h,M9RgUTZqCQ7eu5Tk9hgU6Wqzw19fK4s1kh,MPbSbEKtxSd9DG7mRvGnZGYUPCMqX3kCkb,MU2QetUteLiUQe3QdDxcXPMKr26NZfGpMm,MGBYaGKGGafhHVZkJDS89MnwYP7iC5HnWe,MCSrwRbJmVuetKwTHFr3r5vaBKZTDWdFEi,MAUn12QM2pZeYYyLZXaEbBWq6F2FparGth,MTjRW9X9SULzgfqqj7B16E95XvrtXbwcMe,MW4kH74odTn5t31YUyFAK24pwYGsK8wi4T,,,,,,,,,,,,,,,,,,,,,,,,,,,,,,,,,,,,,,,,,,,,,,,,,,,,,,,,,,,,,,,,,,,,,,,,,,,,,,,,,,,,,,,,,,,,,,,,,,,,,,,,,,,,,,,,
MFxyncdqkAdiTuqv57iDQtr62YpMcqCvho,MVBYVdnxq1DBqEa4g2TQJ9TUjFV2PWycfS,MLPzTvwbPEpd9x3wXJ4s8NZiayr4nb1N2J,MLtZMXyV4GvPFucgSGCnryMk1YGVRXz45D,MUsvUJvCexB6RTn2YXPuZ7fszxtT2QcLcs,MAisGET7EsnPiSkzcNRSYt4nRW7aHJ92b4,MT2mjBc5GD8iQnjE1MZMAYEABr1eL2hSjT,,,,,,,,,,,,,,,,,,,,,,,,,,,,,,,,,,,,,,,,,,,,,,,,,,,,,,,,,,,,,,,,,,,,,,,,,,,,,,,,,,,,,,,,,,,,,,,,,,,,,,,,,,,,,,,,,,
MFPwNGtYBTvLAT6541CmgvJE1LR8swWyPr,MSG2u6zxkR7wDX2c9cP6EK2hmSpfKx4CSV,MCDsVcGZSJPBivpcue99J8EJB2FNZ3tbrn,MCDsVcGZSJPBivpcue99J8EJB2FNZ3tbrn,MNP6od63aB9Wfz2mRm67zi1bLSpQdRRWKT,ML5TsQrjyqKp4SSFrVL8FWJ7gm8AdjgeYZ,MTsgGoDtS3hJn4oQTjKRfCJik35z9P8em5,MHrCRMi77t4LXnbFPtd9vALeFMFasggRUV,MX96uJQPVarr36hZkKh2wMXEJBrXsTRYNh,MWzdUHcw6wk4eCZzCcghx38ugcdrUDTqtm,MCDsVcGZSJPBivpcue99J8EJB2FNZ3tbrn,,,,,,,,,,,,,,,,,,,,,,,,,,,,,,,,,,,,,,,,,,,,,,,,,,,,,,,,,,,,,,,,,,,,,,,,,,,,,,,,,,,,,,,,,,,,,,,,,,,,,,,,,,,,,,
MPHUy1DZPfu6pXtPbKiwYvcqdVLu8RRd1o,MS55UK23MeaCdyxc4hKzqjnbqUZRih3bF9,MN5finmGYCY3nhFGtF27BNLjX75zUr6NEG,MS9B7MySdzzxvVjTeGxhSXaF2hNaqrJeEm,MA7FQAaQf1zay3kJTahPJf87mmt1emtvXZ,MCKoyNKgyzU2dZ3woXXSymoW5aLJDiXzHA,MGc3oJuXxKAXAWfbFKqeF53nFBUtzBXqBy,MEfSY9mbfo4Hj5eqhq8ygmoh7ZAS8h6GQS,MRxRv4jdBk8CkhKWeQ2DMdLRQdC9RZsKR8,,,,,,,,,,,,,,,,,,,,,,,,,,,,,,,,,,,,,,,,,,,,,,,,,,,,,,,,,,,,,,,,,,,,,,,,,,,,,,,,,,,,,,,,,,,,,,,,,,,,,,,,,,,,,,,,
MPm2ecmQpq29owppycYxXSgmpNUcagLQaq,MFczVt8CVeLqiHf82rnE3SBAgRufWjgzh7,,,,,,,,,,,,,,,,,,,,,,,,,,,,,,,,,,,,,,,,,,,,,,,,,,,,,,,,,,,,,,,,,,,,,,,,,,,,,,,,,,,,,,,,,,,,,,,,,,,,,,,,,,,,,,,,,,,,,,,
MDASkkqxCqo463bVRMn4yv3sHcNKMXp3Lw,,,,,,,,,,,,,,,,,,,,,,,,,,,,,,,,,,,,,,,,,,,,,,,,,,,,,,,,,,,,,,,,,,,,,,,,,,,,,,,,,,,,,,,,,,,,,,,,,,,,,,,,,,,,,,,,,,,,,,,,
MPzvPMPGhFSEV7kNSkuCnWGiBsWfAYgSJX,MLoouuJiuccrr1Hi4bXBfQxK4f4feHaGF6,,,,,,,,,,,,,,,,,,,,,,,,,,,,,,,,,,,,,,,,,,,,,,,,,,,,,,,,,,,,,,,,,,,,,,,,,,,,,,,,,,,,,,,,,,,,,,,,,,,,,,,,,,,,,,,,,,,,,,,
MHS4jshu21jG1YitQnTgFPcTBJLXsrLEVQ,MMag32eD4HXhkjUUF8HEZSHH2kbPTpy2Dx,MLkuPcWp8LvRDJFqfzNQ4QPypW5DXRvQne,,,,,,,,,,,,,,,,,,,,,,,,,,,,,,,,,,,,,,,,,,,,,,,,,,,,,,,,,,,,,,,,,,,,,,,,,,,,,,,,,,,,,,,,,,,,,,,,,,,,,,,,,,,,,,,,,,,,,,
MAUrPoxhbjtxUSRiV1gqE5kTJ2NcTeKnQw,,,,,,,,,,,,,,,,,,,,,,,,,,,,,,,,,,,,,,,,,,,,,,,,,,,,,,,,,,,,,,,,,,,,,,,,,,,,,,,,,,,,,,,,,,,,,,,,,,,,,,,,,,,,,,,,,,,,,,,,
MRyDDpDXhwcaRs15tLTU4pf8pWof1Bbv5z,MHfXrDAXogxr2dLVyfT3tar4Xz6EVooxa8,MCheHbnZh7tcxVDs8uT4BxTaV1ANVZ97w4,MMmoVnQkyv6Pxcnvy5rCtg4NsGaQhpfYDm,MM5LMTfNqLVx7ea7AadAEmhAfQYpCfMnS6,MEjE4LJ9nVimnyTnbZs3cyPDM56T67YWMi,MKpzZ4igVreAJcAw1C4WBJnmeX2T8mURwA,MKZL1dmLmnojNqZ4Nk4rTfh5ovuHMGYm4P,MTpnXufGK2rcYs53PjkZCYm13kS2Qrr8FK,,,,,,,,,,,,,,,,,,,,,,,,,,,,,,,,,,,,,,,,,,,,,,,,,,,,,,,,,,,,,,,,,,,,,,,,,,,,,,,,,,,,,,,,,,,,,,,,,,,,,,,,,,,,,,,,
MRPzzSg7eD3hikFCUdfvwK8TVgJacit5c1,MMLojNbAAt24wVmeP5gQmCtrBbMcmM32PJ,MQevfMXMf8Jr9LacFNW9H5EG57rVVBxTQT,MPp3Vz6kxswzbzktuLRYZ97qXVQsnnc1L9,M9gMfHAiHv2byvmEhFnqrNuwuzyCcW4Mzy,MRoVVbnQpKR2qrDukDQ3J67WowLEk4qFq9,MUdjAbb1ASeM7tC9hpHL3HG9CsjvXbX9S2,MNkekHwXtC3eMRmSFYcfjFqRgpBiXhYqWJ,MGmL9KvKDtw66KxRjrU7Qd2DULnd9N9mUE,MQdc1F6AjuixY23mZmbMw4PkiW4p51J1bn,MJesURQyfpECWpJK2a9eTJpzMnnR9J8tvJ,M8jbwbc7VR4HVAWtPWjHYxXfrzdrmzwRht,MLgAHKxzPk1vcRVpAKz5mG1GNnfRZmjvmX,,,,,,,,,,,,,,,,,,,,,,,,,,,,,,,,,,,,,,,,,,,,,,,,,,,,,,,,,,,,,,,,,,,,,,,,,,,,,,,,,,,,,,,,,,,,,,,,,,,,,,,,,,,,
372Bqwf7oQGGKS5DEZhoVd1V7dNT6g9Gpb,34J1MByzr17mUKeAHwjY8k4717MDe68Ebb,3CNA7AhgdRGam4GjpCaQ2xtKA9VsCNW1oJ,372UDGuqV59MjxEusJgYNiK6SAowZb1sFx,3CNA7AhgdRGam4GjpCaQ2xtKA9VsCNW1oJ,3CNA7AhgdRGam4GjpCaQ2xtKA9VsCNW1oJ,3CZiz4wP8xXmrJPbGqt9TfmwsNqj5wb1d5,372Bqwf7oQGGKS5DEZhoVd1V7dNT6g9Gpb,372Bqwf7oQGGKS5DEZhoVd1V7dNT6g9Gpb,3Q5AmHsj1EL9QpY13ggoyjLMYMtBWkkSXU,3F9XTt76cx3VnWuEonzoQ7nGKghkTUUXeo,372UDGuqV59MjxEusJgYNiK6SAowZb1sFx,372UDGuqV59MjxEusJgYNiK6SAowZb1sFx,372UDGuqV59MjxEusJgYNiK6SAowZb1sFx,3PkEm8PwJRTAu8bnazS3KGX9FDixfVsxVL,3FBcYSCDsBonsJdNAVVhfBSNNBghgnC5K9,3QqkfgiH639ukTNXfHTXB8iFToFVAj7rzQ,33hX1QirizvDjFn9LnYYXUH2Z9McD93Ti6,33hX1QirizvDjFn9LnYYXUH2Z9McD93Ti6,33hX1QirizvDjFn9LnYYXUH2Z9McD93Ti6,3FBcYSCDsBonsJdNAVVhfBSNNBghgnC5K9,3FBcYSCDsBonsJdNAVVhfBSNNBghgnC5K9,3ACnyfzGdWy6BvmmxpRvuLgMqwBBjQVazp,3FBcYSCDsBonsJdNAVVhfBSNNBghgnC5K9,3FBcYSCDsBonsJdNAVVhfBSNNBghgnC5K9,3FBcYSCDsBonsJdNAVVhfBSNNBghgnC5K9,34vG2MyZQv8aNNkzHiHGTCXCcvWe8t43Lt,34vG2MyZQv8aNNkzHiHGTCXCcvWe8t43Lt,34vG2MyZQv8aNNkzHiHGTCXCcvWe8t43Lt,34vG2MyZQv8aNNkzHiHGTCXCcvWe8t43Lt,34vG2MyZQv8aNNkzHiHGTCXCcvWe8t43Lt,3PtW4HdC7RHGijmAoVZ87fSGENFoLNsStu,32QUhs4matc7GFEvpmdTuEAEc37y7M7cQY,36Pi3Ws5H35Ti32SiLDrPZzjnjYttfEHyx,3FBcYSCDsBonsJdNAVVhfBSNNBghgnC5K9,326zeWADbkXwPwuF2hssPJmnUrK58HwNjK,3FBcYSCDsBonsJdNAVVhfBSNNBghgnC5K9,3FBcYSCDsBonsJdNAVVhfBSNNBghgnC5K9,36sx389xssL21jZ5vJbUhypG66APH7oNVj,3FBcYSCDsBonsJdNAVVhfBSNNBghgnC5K9,3FBcYSCDsBonsJdNAVVhfBSNNBghgnC5K9,3P1ignHzdDesnT1Pmn8xNg2KpMLCWK19Dm,3GMmAcEpXZuJNjuWaqDGzk4Dxi1nNd5S4B,3QxvGqqRy7WdZj5AbSS68x1vmsv7fHhZoe,326zeWADbkXwPwuF2hssPJmnUrK58HwNjK,3FBcYSCDsBonsJdNAVVhfBSNNBghgnC5K9,326zeWADbkXwPwuF2hssPJmnUrK58HwNjK,3FBcYSCDsBonsJdNAVVhfBSNNBghgnC5K9,326zeWADbkXwPwuF2hssPJmnUrK58HwNjK,34sdLTuFgcmFcHCnSth8yZNFQ5YkQgpQHk,3FBcYSCDsBonsJdNAVVhfBSNNBghgnC5K9,3FBcYSCDsBonsJdNAVVhfBSNNBghgnC5K9,3FBcYSCDsBonsJdNAVVhfBSNNBghgnC5K9,3FBcYSCDsBonsJdNAVVhfBSNNBghgnC5K9,3FBcYSCDsBonsJdNAVVhfBSNNBghgnC5K9,3FBcYSCDsBonsJdNAVVhfBSNNBghgnC5K9,3FBcYSCDsBonsJdNAVVhfBSNNBghgnC5K9,3FBcYSCDsBonsJdNAVVhfBSNNBghgnC5K9,3FBcYSCDsBonsJdNAVVhfBSNNBghgnC5K9,3FBcYSCDsBonsJdNAVVhfBSNNBghgnC5K9,3FBcYSCDsBonsJdNAVVhfBSNNBghgnC5K9,3FBcYSCDsBonsJdNAVVhfBSNNBghgnC5K9,3FBcYSCDsBonsJdNAVVhfBSNNBghgnC5K9,3FBcYSCDsBonsJdNAVVhfBSNNBghgnC5K9,3FBcYSCDsBonsJdNAVVhfBSNNBghgnC5K9,34sdLTuFgcmFcHCnSth8yZNFQ5YkQgpQHk,34sdLTuFgcmFcHCnSth8yZNFQ5YkQgpQHk,3FBcYSCDsBonsJdNAVVhfBSNNBghgnC5K9,349eGbHAuckSacwBiZBBhD3v27KGwFS9KN,3AH5sim2CNUw3XZKQL2pK1WnQX1pXSehJe,39EMgquC46BtVz1QKFh9swASuNtqZHuS1u,39EMgquC46BtVz1QKFh9swASuNtqZHuS1u,35fmB2yNMsezgMrGc3B5Cvvg853ECgfsFe,35Wx4amSpFUoMN8WH8g8puEpBTs8Lsi3dV,3FBcYSCDsBonsJdNAVVhfBSNNBghgnC5K9,3Fd6h61oGiuYEyN3PtVWrymjtJT5aRHjHh,3PzmGasYYvY1NemDt56nYLvBGtRADE9iVk,3GMmAcEpXZuJNjuWaqDGzk4Dxi1nNd5S4B,355HZFrfjh98oUNaSdMdnoVebpxXY8rtHC,3M8u1bP9xQ5MQKsbJuuixNz7XNJ2oVH2Y4,355HZFrfjh98oUNaSdMdnoVebpxXY8rtHC,35qEzNPyRT78MTga6zYT42FpoFzQtJp4ih,36ewNmuqtHGnq8SSDM1DfzF1Z79CetSHJv,3Fu9B3doyhCn1HHab8oDpDVifEpdL9D6tK,3AmWLTcawssa4w1BEwhzgA4ezNrCNVaLL7,3FBcYSCDsBonsJdNAVVhfBSNNBghgnC5K9,3QsEhVVkar3maZLMVpy8Dy3BJxo5J56s3A,3PGduuowBNqKBGsnK3Vq9k4Y1qcq86YB6z,3AH5sim2CNUw3XZKQL2pK1WnQX1pXSehJe,3QxvGqqRy7WdZj5AbSS68x1vmsv7fHhZoe,3DWNy8DwhXPXohkVuxfCumbVsBgx8gJmCB,3AAykXMfym6HzG1ewti3cpWpaoZh3viDCD,3BVGB6NCpnwrkDGMPYfpA9zRoaRk6wDfvc,3MbNLyXSdYR137Adqu6apn4StBcse6SXKQ,391rUbFNLP12XEge3SepsosE7uQgES9CK6,3D1Pzaesy8SSruSQFc2Sss6NMd8sLFQy4V,3MxVYzdCEDstWxZ1CX3Rsth1GQW5vXSkWV,376HQHFZfWM9BAGNcQFYfNw7vBXH11Scu2,3MbNLyXSdYR137Adqu6apn4StBcse6SXKQ,3KHQAc9mTxhKK97u5nY6Y4PaP5UnFd24QD,3KHQAc9mTxhKK97u5nY6Y4PaP5UnFd24QD,38i4TjWUrhtww6e6fYoVJMoESR9bZcddar,3DbKAyh5dsgoyv8XDoy15y82w4SU33Jogm,33zv32Znu2ARt3vzr57t2k7HXGSpCeScBL,337dchHCZkRNciYm8QNCWFejjPTBEM6YfE,3AAykXMfym6HzG1ewti3cpWpaoZh3viDCD,337dchHCZkRNciYm8QNCWFejjPTBEM6YfE,3H6mv1zkinQqUfn6q4xkhnF2vEohMJjV5Z,3FwnoiJ86bStWuMinuVxQb9eQ7k92BmVFd,3Nazf8op1xZg6dc71jpdAr78dVVXddgLsW,3NhepRwdhEBFUaTii6VLBzLWf2VsAqidR9,3Nm8AEKs3v1LZwGeBbZ3mkbyw1YT4rDdK5,3ANbYuv5hhbBxS2jonSwAgLtszVXKtRFP1,3AXRDqD2gnqiXkM4pfS5PJgeEKQYWvdV6k,3R1NoHY1gCgiVqFoNgNJBBeNa9UyrFZgAo,3GMmAcEpXZuJNjuWaqDGzk4Dxi1nNd5S4B,3GMmAcEpXZuJNjuWaqDGzk4Dxi1nNd5S4B,3KSwvDKKCEAMZc5YXY1gh9d23f87KFxSZn,37x7bLrPo9DshaMNsQShxbPBpguuvpWpmm,38vufoA5L8awv3US5XuuP9CELUBhSsnvoG,3JYh5wsciF2kK742QUpcKjqDSqHdCXDQ2R
MVEzaUaoCF7amHNWLYHa8FR4godMS4eFuj,,,,,,,,,,,,,,,,,,,,,,,,,,,,,,,,,,,,,,,,,,,,,,,,,,,,,,,,,,,,,,,,,,,,,,,,,,,,,,,,,,,,,,,,,,,,,,,,,,,,,,,,,,,,,,,,,,,,,,,,
MA5v9bBCkLNM3F1Xkqwu9QPBu7V25Lshoz,MN2B5TxanESrSZheqrnWUgoNXEH9hTZUEN,M8z3vsE2HpXLxBFNVEmZXQF3DBseRq1hQX,MSW7hUgjkXJk9vdakSJD1r4ShnASGjw39N,MSWWCmpvjXbUVjewjeN1XAm9vtHWCMBuFX,,,,,,,,,,,,,,,,,,,,,,,,,,,,,,,,,,,,,,,,,,,,,,,,,,,,,,,,,,,,,,,,,,,,,,,,,,,,,,,,,,,,,,,,,,,,,,,,,,,,,,,,,,,,,,,,,,,,
MHjT4u4KrsCRFBAsv2QE8fHHMevw1ttqr3,MVodXGFbcvvb9iqRqaAxcLSidQoQKQ5pCx,MQBAfUdFFQd2tek83tYd28FTbLbSg7ecJ9,,,,,,,,,,,,,,,,,,,,,,,,,,,,,,,,,,,,,,,,,,,,,,,,,,,,,,,,,,,,,,,,,,,,,,,,,,,,,,,,,,,,,,,,,,,,,,,,,,,,,,,,,,,,,,,,,,,,,,
MQr8koXf3VjSu3CPuzfKG2wgxDyp4PH2V1,MA83rnnZ2GgdWT7ukbRYJwYjvDF6VLfJyK,M9V7xChUMRQRpGTWtHDJb1SoYP9tW5iWpk,ME3Auji96qAS4V8SKcymxBMzDWNPetuJ1g,MFZwwPPgyJ7cRnQJDGPWkLmwyP3bANBp6o,MByq47QvbnExFmNcYkXYgPPdqWxVBE8A5Q,,,,,,,,,,,,,,,,,,,,,,,,,,,,,,,,,,,,,,,,,,,,,,,,,,,,,,,,,,,,,,,,,,,,,,,,,,,,,,,,,,,,,,,,,,,,,,,,,,,,,,,,,,,,,,,,,,,
MGG6HNQTp8ZF8ffSMDWXinZss4HsbYpuZV,,,,,,,,,,,,,,,,,,,,,,,,,,,,,,,,,,,,,,,,,,,,,,,,,,,,,,,,,,,,,,,,,,,,,,,,,,,,,,,,,,,,,,,,,,,,,,,,,,,,,,,,,,,,,,,,,,,,,,,,
MAokA6kGHxobtWKfkeDfNNYEBx8yRvvEUj,MDmhXvLMNpsA8y3bF2dyizop6eyAyu5Z2R,MUDasi6yPD7iMGgXyRPAtWA1EZvRo6RHk8,MKAnBccanULzgDFBFDaEW9SaTgKxjy4yNb,MWeSfJeWipRt8VaRQpXZULU2hJBiP8i9Sd,MKCbKWfVAa7V2KiJ7MdVxqCaaJGP392dnX,MAXxSpLdWTZxVoWFVez4yVxa8AFFb9gyoM,,,,,,,,,,,,,,,,,,,,,,,,,,,,,,,,,,,,,,,,,,,,,,,,,,,,,,,,,,,,,,,,,,,,,,,,,,,,,,,,,,,,,,,,,,,,,,,,,,,,,,,,,,,,,,,,,,
MRAVtxhKanQL75oF7hDspUNhFmnjc33Pkn,MVWjeX7WHLLAowagtfQV2EMETGMTgCn9F1,MFGDytGd4vmRuyT8sf8Mbri2PcaSYFny4R,MJrW4cWcaGA3zReqsMn4EWdphyb8SrpBUn,ME4T7qbR8aT69LgfzccvQR68edw2DHhRNn,MRGP7xD1fdBsWXfP5tw3KChRAQ9eHoixsR,MQcPF4y8Xcfvd7pMxrGVPR26jb3k9dUNp3,MU1MozhDPx1y2NfKxSvjy3QueJ274pgNuf,MWskHLNa42MRzPxFy7cNRYXE5WKLDwE5T7,MB3tzFd6UtLEkJrRfqgezqrXHiJQppTPyK,MVkGMwc5YPZcfqgm6ER9AkUKjTgkp1pzDs,MVNKyDRoiWKQeoa48ESRc5enS5Ctk6ARzV,MPMUXgGzsRVxX1JiLj7FUpP6fjBdg7HK4w,,,,,,,,,,,,,,,,,,,,,,,,,,,,,,,,,,,,,,,,,,,,,,,,,,,,,,,,,,,,,,,,,,,,,,,,,,,,,,,,,,,,,,,,,,,,,,,,,,,,,,,,,,,,
MCRJzLygdFrQeATPpc15E7YpW9Y7bT6Nrx,MJDfhNCeVUVUMbYUDX64bxfkucm6N3WrPT,MH4srNdzEDYJ33GzF12HGgukaDRYqGPT5B,MAjUD3Q3zdAsEKxbaRoV9d7RUmiBcpf1uJ,,,,,,,,,,,,,,,,,,,,,,,,,,,,,,,,,,,,,,,,,,,,,,,,,,,,,,,,,,,,,,,,,,,,,,,,,,,,,,,,,,,,,,,,,,,,,,,,,,,,,,,,,,,,,,,,,,,,,
MTHMakAm6PrZ2L4jdLyt1wCWphar9HWK5k,MEKhvL58ZbWzq6EcqsFM8hEY2372HeofY1,MV3ZT3qDYkBr2pJGkuAipaHmRLUpp5x8Fs,,,,,,,,,,,,,,,,,,,,,,,,,,,,,,,,,,,,,,,,,,,,,,,,,,,,,,,,,,,,,,,,,,,,,,,,,,,,,,,,,,,,,,,,,,,,,,,,,,,,,,,,,,,,,,,,,,,,,,
MF4vsU5F1bDrwfybzvdoFbqqpf5uBUB88s,MW3D5KjCFTZPmzWh7PUWYv7seX128FYiXA,MQHo1Y7yJE3yEukgHEUk59y7QTTof55J6y,MX7Eq4WC9EZv2WCpoDhci9LNNL55Ad4FAZ,MPx9WUEJhwHj5cQNPPAFwrnaWsaYp8dacD,M95WeYKAwJVKJcFPtrW1vDdgCTwcVx1gj6,MBRcKNc8RE9xR3i1h4sxGijbYW3RSA8bA6,MV2kdc6uii8Hf7iGqKMkL55J36BNfuAN68,MF4vsU5F1bDrwfybzvdoFbqqpf5uBUB88s,MGad73gPamKGEqEDhsvQyj287wh5gW16Yv,M8s8v426fuFtaCbZSD5ESU2TnL6eb7R6wv,MGSbWTgSpAUakb5My1XuEgy2Vm6AEQ7rGH,MJc4tLhRH9nZ4hjjBSZ3kyBtsTAvwsDGXt,MQsdai3tmRLuVwQqnzJm1FgYwfKpdwMqCM,MUERPW4asjsMng3c5qdgZTJt8A1QX3agwT,MAyz41HRMKEwftrDGjgJ1fzek1NiGeMqVu,MWFc7hkwhLDUJfhYsLCjMMX3DyK5tJeGnA,MBQgnvpmQQjAducWfJBfoqGY32fkxkco3c,,,,,,,,,,,,,,,,,,,,,,,,,,,,,,,,,,,,,,,,,,,,,,,,,,,,,,,,,,,,,,,,,,,,,,,,,,,,,,,,,,,,,,,,,,,,,,,,,,,,,,,
MS6wq87vCbR67z9QwvY3YcWMpcQ9vp1YnF,,,,,,,,,,,,,,,,,,,,,,,,,,,,,,,,,,,,,,,,,,,,,,,,,,,,,,,,,,,,,,,,,,,,,,,,,,,,,,,,,,,,,,,,,,,,,,,,,,,,,,,,,,,,,,,,,,,,,,,,
MGvGJzFsv91ro536s36LuB8gyRxnAaqGHX,,,,,,,,,,,,,,,,,,,,,,,,,,,,,,,,,,,,,,,,,,,,,,,,,,,,,,,,,,,,,,,,,,,,,,,,,,,,,,,,,,,,,,,,,,,,,,,,,,,,,,,,,,,,,,,,,,,,,,,,
MR6TQPMuWCEAQNmYwgf5ehTB4UoP7WVMLm,,,,,,,,,,,,,,,,,,,,,,,,,,,,,,,,,,,,,,,,,,,,,,,,,,,,,,,,,,,,,,,,,,,,,,,,,,,,,,,,,,,,,,,,,,,,,,,,,,,,,,,,,,,,,,,,,,,,,,,,
MSSmcSb9sEkCqni5LYBwi6siyYo72GYWm1,MMRUMtpvooRd4fsxEkD3drgr5kJtSmzytR,M94qcVtxpU3ABGotbLEqLJ3gKD8UrsapYo,MEBFU9dgmewpLUEtfHhi7B3BkQTi4QZntP,MLw5LPwePsF2PHmo121mGX9DoUaHf7UyqH,MTK2yCaSmFu31DzWkVePk7XdobAuTwiYyH,MJv15Zec4tiVfQvTZM9EX3ALyMYKw4ND18,MDdnjZ4HX7mJY67y5ru2ycWAN5ZDjykde9,MJWkkCdyDduyeUF25SFpim8n2bozCZxD1b,MS1yHxPPBTfJWVRLGMq8DcxSucyVdHwTMs,MCjhLbLnePLz6MXXEczgGqdGsV8F1u6qQo,MVUnLY6nDYB5V4FSgbcxmqdujodyjCuAs8,MRZdUvKfikotKvEJUwkGX24R2i5CxeeMGW,,,,,,,,,,,,,,,,,,,,,,,,,,,,,,,,,,,,,,,,,,,,,,,,,,,,,,,,,,,,,,,,,,,,,,,,,,,,,,,,,,,,,,,,,,,,,,,,,,,,,,,,,,,,
MPmCsWme44JrMn3ash6vCCdMExhuwR9Sbk,MCVQtqtHecoV5Fhim1jeGzXXVGN5KgSuup,MGP8ZQia7JLGKkNRSfYQphgVxhHG9kt8GK,MNmF7wAo6gTFLkixrMxo8wW74QTScN8YZ8,MM6ZpGp32mQNLNYCk8iPyVBRSvBZAav55V,MK8TCRUsUUQXtuPWn1urAZXdac6TjnedZ6,MWeSfJeWipRt8VaRQpXZULU2hJBiP8i9Sd,MG2vzkSguWscQp3haGJ4kkhJFePvkSgKsU,MEAfM2uaWVXE2dSf9teu3ZpfbiQ1nixEjB,,,,,,,,,,,,,,,,,,,,,,,,,,,,,,,,,,,,,,,,,,,,,,,,,,,,,,,,,,,,,,,,,,,,,,,,,,,,,,,,,,,,,,,,,,,,,,,,,,,,,,,,,,,,,,,,
M9RgUTZqCQ7eu5Tk9hgU6Wqzw19fK4s1kh,MHxMnotc9ZEZy5z81udpoBDPxA3hapHj7d,MNmYgPZFHMRQn7W5GKPYxwhzwUs3SR6kTq,,,,,,,,,,,,,,,,,,,,,,,,,,,,,,,,,,,,,,,,,,,,,,,,,,,,,,,,,,,,,,,,,,,,,,,,,,,,,,,,,,,,,,,,,,,,,,,,,,,,,,,,,,,,,,,,,,,,,,
MLMStPWfBfkWLYus35ywUx3Z9zTLGSthwv,,,,,,,,,,,,,,,,,,,,,,,,,,,,,,,,,,,,,,,,,,,,,,,,,,,,,,,,,,,,,,,,,,,,,,,,,,,,,,,,,,,,,,,,,,,,,,,,,,,,,,,,,,,,,,,,,,,,,,,,
MVcsfzm4puSJmgf8ewaEK3RBy83DeSJ2zd,MBR3fgWKXYHG9s9qekpivndeCLeRBYPfeN,,,,,,,,,,,,,,,,,,,,,,,,,,,,,,,,,,,,,,,,,,,,,,,,,,,,,,,,,,,,,,,,,,,,,,,,,,,,,,,,,,,,,,,,,,,,,,,,,,,,,,,,,,,,,,,,,,,,,,,
MNU8WzwVHbG7jqULVMEaAXFXgEQ7F2YUe9,,,,,,,,,,,,,,,,,,,,,,,,,,,,,,,,,,,,,,,,,,,,,,,,,,,,,,,,,,,,,,,,,,,,,,,,,,,,,,,,,,,,,,,,,,,,,,,,,,,,,,,,,,,,,,,,,,,,,,,,
MVXbrDML6yxXJjRErg4hyMbb4FJhrtJMdD,MM9MqSyCNZYMJcaQJrsjDxpNX3oESK74hX,MMZUDauGJXqWLEAqbL2T5M9oJtrb1dr772,MSXgd6qdXGgmDXb2XRxJjC5zajSHwANAm5,M7zNi77izVYgPoHG73DZ3LF9UXpPijJQcJ,,,,,,,,,,,,,,,,,,,,,,,,,,,,,,,,,,,,,,,,,,,,,,,,,,,,,,,,,,,,,,,,,,,,,,,,,,,,,,,,,,,,,,,,,,,,,,,,,,,,,,,,,,,,,,,,,,,,
MQ82iRLkrroLopDGAbERigbiykvWFd5A2P,MGfpEYx24pNEQLPLQFVYnAS9SDBcMeNFRH,,,,,,,,,,,,,,,,,,,,,,,,,,,,,,,,,,,,,,,,,,,,,,,,,,,,,,,,,,,,,,,,,,,,,,,,,,,,,,,,,,,,,,,,,,,,,,,,,,,,,,,,,,,,,,,,,,,,,,,
MAp4mJ9x4XEXi31hqYZAFN953Hw2UWdSM3,MWgWCZesBkxjW7GugvYxxdXxYGrJwZZKPr,MRz7aYQW56KBAg89DuMrdFaVvho1x12P2u,MX81LnX8SYMY4wyaC3FEiJRUezM7yx9xsZ,MMg3tquTnAEdfgMikDYRWq7TrXFpUepbCh,MGNkFar7x7Dxn3Sb1XyfzbhrawhHxdc7Wd,MHMmp1hHWebdDHv4c7rLjzC4K9JUrPM8rS,MKn5X7cVke57fog6zjmCyiebqetkGs7TJJ,MEKEtwhxjqUUirQQSnvjKrooxFVpf8D4qQ,MMwpzkbPEgL2q39ZqZNiidD483aTMiajZ6,MPbXQmkwbgssMLiuuFawtX19Ad6Fb5qpuB,MRM3tJX5jK5CXjFwfa5bVVDCB53cwwPUWu,MPrCMtTnPCuKTMAFcsPJhzLBUVWX7GMC5A,M8oJ298JwSQCV7bjyptBX5PqzfcLZY3HxU,MMeXxJjviYPcM4GaHEGTkYhy7oh16i4yXn,MUvXHFB5787K8A93SAFfVNh4mFqEjoMF88,MHpSnmdWA6P8kTCbwbbqbao4tNT8sZ5D21,MTMCdAGRJPjEqTt3GReY9ykuNsJKpwqmTS,MTLbTAcRhVitixQpcoLiQAgdoopLNiz1a4,MCqhDZCdXpciJRzdhdyvH3zYgQwUQGShPW,MLbP2zZvSiA9zxciePF226DesVCwy3vLbW,MBTCyyfEYYiNryfk6EPspNKiPKQbbFvsbW,MTwvMV77QYFjKYGQvN3rcz2oNuyYbfLKxb,MTTHW1BqZK7TfL5nMfJpJyeUfjbivjP4LB,MLh57wL8yMdY8A8X6SihnMX1JzDFGF747J,M7wstGWFGCVm71GXYbaP43TqQdmQWdsJEc,MGocQWptd1FyGfYgUL6mmdAQp8Fbw2wFE9,MJieNNUnvLgaVhBTGcMQ7xErwQrPHCtARA,MR22wUwTSLYv424afU5rwZhWAxZswZhZV8,M89vrK23VykTzUnqvFcAKz9LV2reQ5fAR9,MLcm2T4qqnqrSTHCavy3GRmEuT6Fzi4Diu,MSSM19FS9KbujnRsrPUfVtVY7FeQxbaWyw,MESBs9xLXLeQCsxipquzhXKiJyqEVpuiZB,MEw8RWczxDzJQiH53DaeZiYKgDAU68r3US,MENg9J5uS9ZbheqnbwqDvVD1hGyup4uxni,MCA7Gur3Aq9w88bGL62qSrrmcuEChcTvqG,MWXhGaK7CX11sfaV8oQJkhJHCRsYMsY8PM,MFtqpGyV88rtj4gtRd8ec94FDTyjFKwuUi,MCPgDE9BvEf4StLt6GBMwUmYHs129nf1DH,MA7DMLU8eX5agRfNbWeVQVPXHDHp7AU2ke,M8Wb19Z66PaTa93VNyo6oCf5PrT4bKxzrv,MKEwNgQFinwhH1KeYdT6rQwKRFmuyKoHkm,MHeDBDYuktZsPeQTNpimwdvAnCtjjxTJvt,MNNNn9u9WmNUjx6vof1kWazorTUQtmDn2G,MUWnDYQpinoHXU9zaugzgi8F6rYYaifi8F,MHv2pApe5mQWgbecaiHqo4CJ1qka91Ks59,M8H2DsxdH3zWrRYERAaFa2ZU3NBXrDDTiF,MFKp9Ze9xcUNumvuZPPJ5izQrC2EVCPxb7,MV7H1XXM3RzPLre13pDkG6MVLBnXr6BM18,M9uuU7wfEAmzha5erVqMj4HZ9GawxaHPob,MTqVTRULZP38LJMXfAm5GLHvdc6295Jw7h,MTKfLTrWNNa761YRbPhGsumHTdytjhpb3Y,MSSM19FS9KbujnRsrPUfVtVY7FeQxbaWyw,MSwtcw7vPwfvHv9RzkzcrHYXFadZoKRSST,MCkASJwPUQjvMfcrdSRMeXH6nrGbRNuxc4,MA7DMLU8eX5agRfNbWeVQVPXHDHp7AU2ke,MQxt5o8RSCuCupdYnwJgy2oYBKP9F2f1uy,MHuPqpe2WUePLQ8nv1XSA61oV6EfnJXWry,MER4zH6iCambRSN933cqCoEpCU1EzMRs7V,MQWNcoBCw3FuMhUU2yqBfHGUDHg9mM2Nvo,MMsPJjgvSoJvSuGFC62XRt5ANU53C94V3A,MN4H3h5YWiaBVNn4kBenjjpMGVE4RApdkd,MA8JzevbTVUaa8VcFcdJAb3dp9ddWE8Hhn,MX7PwbhCocEJo6kWumS1M8ncrzEWrR7ENi,MDkVpBp43fjFYYSV8J6ht9dSx3Wtoy7MPF,MQbPQLbvG3KuqQonYXu4de9iwW1dxAXYbU,MR22wUwTSLYv424afU5rwZhWAxZswZhZV8,MMQANUjvaA734uzuWZCmNMuYnYbDnEk8jP,MU4oD7TbvKGaKpM9HSuVFB6LZZSsyPWkdS,MB1FSefTksXD7GqLtqqnMjLNPtPZSidqDr,MFDPtMJaE8d2wMxBozwj9AzXQhtBLEjppN,MQFya1EqebU5XSESpw39GSv3bFC2sUcpsb,MF5F31T5HsohDPB9hQpzPASjN5WKWC3LLs,MSPX9fmBoD33t14LiUMzJAtMjvNWAkCjaT,MPZjwAe316wqbiP1k8McKDjBbdZRpdaz55,MBGEtaq7bx8zWxCh6gg19evvoyeQhLv9Lg,MH6xphXTKLPvF8d7WjTK5dPmvsbBTPNVHg,MASypHMrfXD2mJtGEAxrmPMgZJcJQf9LeX,MUwnWMBTuExpbP7cEuSVRV3SD6mQ9bmr9a,MV5MoGRZMkMg59Viq9x3bwgPGuLHgbjHnq,MNmPyhLDp56FbAPi9tY1Lq5jSTCeF2L3p9,M9gcfhUQBKGEFzHzYxyGXiijCGRxKaEHxH,MRZCqT8VFntvAzTpMrow7Q71eN8WjFgRfk,,,,,,,,,,,,,,,,,,,,,,,,,,,,,,,,,,,,,,
36rhnvxbuahjNH6qyGivVHH2757j4EG3uF,3CBUpcBzfUQWh1F1xJLzRus8QPCTnFJ527,3CBUpcBzfUQWh1F1xJLzRus8QPCTnFJ527,3FkhCQkGe8pmVfGnZi8Q2HXnt3Ker3iL5R,3CBUpcBzfUQWh1F1xJLzRus8QPCTnFJ527,3LmTpqnhFWzjRGbaSydV4QSiacqrs6F9p4,3CBUpcBzfUQWh1F1xJLzRus8QPCTnFJ527,3Lfs6PkZdBrzrHBpjeJ1862DFBuLmt2qXb,3AceVjGxbBU9mgmUmdWGQ4oEPLWtVDgvnP,3KimB2bpu3zF7SkdXRVQqTmc7k6fo8YTAc,33ZFejJ8b9afMAMTXbBGT8PUHtBSurYB5R,3BBTjVJ3u2gqW8k5g5cNydN5tkThnD1t4k,3Erqi7DzC2bM6QDf4h3aDwfsHr8yUkdP2P,31tUFhv218AsGWNC2MjRF2DHjd6zcH5rSN,31tUFhv218AsGWNC2MjRF2DHjd6zcH5rSN,3Erqi7DzC2bM6QDf4h3aDwfsHr8yUkdP2P,3H1nNZknAw6pnq8yCT8iSayQLfhvcgJb6R,3Erqi7DzC2bM6QDf4h3aDwfsHr8yUkdP2P,3BDpWDEVza79MfXNW7UBk8NJqovw1a6NzM,3BDpWDEVza79MfXNW7UBk8NJqovw1a6NzM,3LJx181tQ6ZfWPNTx7AdTasvvhkoiFdDvY,31tUFhv218AsGWNC2MjRF2DHjd6zcH5rSN,3B7MvzLrxHxTVtkq3tWxCa3aJWk3dDNMJG,3MwYt3sVrRajBzC3zjhdppx8fXJrrSurK7,3BDpWDEVza79MfXNW7UBk8NJqovw1a6NzM,3BDpWDEVza79MfXNW7UBk8NJqovw1a6NzM,3BDpWDEVza79MfXNW7UBk8NJqovw1a6NzM,3MwYt3sVrRajBzC3zjhdppx8fXJrrSurK7,3BDpWDEVza79MfXNW7UBk8NJqovw1a6NzM,3MwYt3sVrRajBzC3zjhdppx8fXJrrSurK7,3PVn2V6MwCrbfWs4ea7WgHQQi9ufCSNAfg,3MwYt3sVrRajBzC3zjhdppx8fXJrrSurK7,3PVn2V6MwCrbfWs4ea7WgHQQi9ufCSNAfg,3PVn2V6MwCrbfWs4ea7WgHQQi9ufCSNAfg,3QQBJidL9MS67mvqVuFyy16sjhXt8nHuks,3PVn2V6MwCrbfWs4ea7WgHQQi9ufCSNAfg,3JH5fpTF3z927q9VrzyXCNFGE2NdfNNfnv,3FEs1qUdJJR8xPgSqHDJ1QvADaRCv1WYVW,3JH5fpTF3z927q9VrzyXCNFGE2NdfNNfnv,3FEs1qUdJJR8xPgSqHDJ1QvADaRCv1WYVW,3MvPohf5CA3eU8q26HWc9kc6mUdg9eDx2w,343xq247WVNBfE1g8oZhhR7U1FUhkR9teo,33mkAjYdddezhBWR6Ag47d5cxgPEW86fLX,3E8ZsoxqWUimmzxy1HZhXMagf7gxm8fzWw,3DsNPHwk3LrGWD9dwwDSYSSZAvYK9wEhny,3JH5fpTF3z927q9VrzyXCNFGE2NdfNNfnv,,,,,,,,,,,,,,,,,,,,,,,,,,,,,,,,,,,,,,,,,,,,,,,,,,,,,,,,,,,,,,,,,,,,,,,,,,,
MC27FwsxuKAi57NDZGEamnRP3x1yJD4wCx,MHmCDGW8mNCkFCFq9ENRouXpYbwtrBkibP,M8wVfHfUDFh8RgmkXiuyzNufGVU2YrhXf7,MLEbt1EyTpUhQyVRw3ZwPsF71urs3s6dZ3,,,,,,,,,,,,,,,,,,,,,,,,,,,,,,,,,,,,,,,,,,,,,,,,,,,,,,,,,,,,,,,,,,,,,,,,,,,,,,,,,,,,,,,,,,,,,,,,,,,,,,,,,,,,,,,,,,,,,
M8vWWrW4ELnKym7KHQqFpiJSeMXZGtJa4a,MBWVQv4UVY85VnqGhGtkT3AcVLJaZwpaqo,MMwtSErphhHZAsz7akKq1ji2fxYERALqJ3,MBZCdg4nj8sLarYwVgomGKbJFHzPQzoQYw,MLLhNpBkz3uL63JMFX3DobisLpAKJHi3Eb,MUSiJ8jagNFcLmyEyUkwxygpQYDvTxUsMK,MRUfsa9xSuFGgL3vHZBBTVTjx7TWEeFutN,ME6knPrfshKHgcvU4gxpYMTmyoF88LxhXp,MGPrD9GFng2XeBAEpu9KmWJojKRi8v3Qgo,MDrrtCh2geysqRPAx3eByx2XvdvAvoeHfs,MSZogyjsqL7AGvqQfzQ7p6ho1kiEMNY6kr,MAMtuZ36Xy15aqQWH4yrgfwn9BYtFPeqC4,MWDBvw6HhFkWSQmFp4e3DHBzeviom6Bupq,MCPyuoFp1kyagQqXgMufeWPKaMonKWgAuY,MEEzduGYqdDQqBkzFZyCz153NcF7R1chwc,MBJXDgFhZErvHfnaqYXWjSMiV25bhLsTJp,MCRV5jrLfSTVVE581x8pUPU3E6g4njWQ3j,ME6knPrfshKHgcvU4gxpYMTmyoF88LxhXp,MAMtuZ36Xy15aqQWH4yrgfwn9BYtFPeqC4,MNBvYehMLtmxXGtmgR628JMZG7WX4JX5vX,MQA5xHjoL66KLEaZ299VjUtCWYH7z548uK,MAoxb6CqSTSubXsLmNFcfiYFVmzisRnoZc,MJv15Zec4tiVfQvTZM9EX3ALyMYKw4ND18,MH82qBGFtpmc4X1Tw6P4k3cgCjdXoMbteh,MAMtuZ36Xy15aqQWH4yrgfwn9BYtFPeqC4,MFbe5KgHaDhHH2DnRujaJMRkxYnd366Dyi,MV3WxWxjjJUjbE4UwgsLDiPiY4fgRdVVXW,M8StAvsj8T9sdvqd8QE6bVpUQafSMU1wsG,MH2xU4UHpyZrtW1D6Bc92Cw5VXZc8BDhhj,MKspUACq3XvLykdevs6X8YiVeXc5MZdLdt,MLXTYBRD7pYc9NXp4dxPKfP59CzwgrvF4r,MKA3BtVJL4DTLfKhEtp93b3TeXqvJidQ43,MAz9HuieupJ5wYvUTS5dZSdZTX68HuyALS,,,,,,,,,,,,,,,,,,,,,,,,,,,,,,,,,,,,,,,,,,,,,,,,,,,,,,,,,,,,,,,,,,,,,,,,,,,,,,,,,,,,,,,,
MEY46vXG3sVWkrDGPHLVhN6gXpbiYUYJkT,,,,,,,,,,,,,,,,,,,,,,,,,,,,,,,,,,,,,,,,,,,,,,,,,,,,,,,,,,,,,,,,,,,,,,,,,,,,,,,,,,,,,,,,,,,,,,,,,,,,,,,,,,,,,,,,,,,,,,,,
MTcmn1v8Ko4LZgtH8FKitYbkq5LVA8JMke,MFGbF8mQ8PdBSTeWLETds1criyhn5Bx2i5,M8xTRbGfAVavzxzSnvuQVM92qRwiFBz3eg,M82KPzVEZh8vHdsFgvf4ft6vW61NzHx5YP,MKa8o4TAceWvgo2qu2nEXAtSKVVpLRsPKR,MBoTz4Tn5brLqrhCQ2UgoY8ucDqcg6NNRA,MVZRBLEUZjXxbsp6qiFMjvFdQyhxqJLiF1,MPmCsWme44JrMn3ash6vCCdMExhuwR9Sbk,M9oUBTb3ukNEV4XhGDvTwMqmhypXqiwYFS,MRCr8GBr6CDnEA4S7D7JcJBPNFuSvKCzUF,ME9hAcsx4LfitHU7HJR1NZ1kZ3pwF4CvEJ,MEpShrv2RK71AYU9ihDkoPccnkmuNcKDzF,MFBGfNLtyv3qHHkzD2v2iJqQ99m4LRdr6m,MAzd1QkPjcTecQ8U7wWB3b2KEZJne13yNJ,MF1WWBNEjrwJjAqaXT8DfGmfBoMunfTRob,MTR7q4RCtzTt64EGXTg4uT37M3acQNUXHm,MRZYVHCuwZ5qdtVZgVdqdxuPU7FLsv4E6z,MAShc1tLmVFXXKQ7JVsWhZ8WjWcT7Cb3Aw,MVvvAcKXye5Se3PMsb1nJn4ngKDcoX58Jn,MVbthq33eqUgU7a7j49yofQfLEcV7TqoS5,MUsXEjsu7zfqN1Hnz1v42kgiaVvi4TtCEe,MA5CPomezMB2VR8GKjTDnS8FZHBSVzUcgT,MKYa93v99sPaCeMAYCJMrYtykNZDKqci2o,MWwagiCo1nraCP8m7s9J1bPF4agAs4VbqM,MWrQBj6MDthEsLmPCEcmSrWgg1ZHfrmqQK,MTq6czhMWuzXz7m263X2QgyKnKK9zTHu3P,MLZiLMq7o6XyoYbpEhaV1zfAaWpjoW7EDV,MHordTaGk1zAHjRWoEK1bhLeW995mgzD79,MKMddMULt49Fyp4FeoSxzCpG1jhy4EEp2W,MDzUugEoWRusNtKBnLPBTXSZQ5cwBVpkc1,MFFU4y8uoPoAkj2ozSc1EEwihJ7Cd7exWw,,,,,,,,,,,,,,,,,,,,,,,,,,,,,,,,,,,,,,,,,,,,,,,,,,,,,,,,,,,,,,,,,,,,,,,,,,,,,,,,,,,,,,,,,,
MVgs3GQ2fUjfGBoVQo2xocsywPTAmiuzEL,MHhj9QAK6bmkTAuwAD2asv8mSocFSmpt8W,MNqgTqoHqjkysG91QEWymEoMdYUSCnwEmm,MF2m1rHLyFHc26hkJuHyAEpv8G7cSJnqxb,MQJcUq5DtmSSNJBr7WkpmTYBjznwLBgmYY,MTrRnzdawfYUeuwJokcgZE3WV27sGMUxqU,MFEV86nzqBDt4VjP4XrroMALCRZ9y8ogyy,M8gXPmC6m7fsLdDJLxnrgLyVn4986aMENt,MEiuB4772MBi6s26WndCizt8APTyh8eCqq,MX9MxcbbdJQoPo2Ybtu5Ga1gPESAUDeFek,MJXFJA1C2ePMLonQkgjqWuyVZDfrnbinCQ,M8fEXQmtJnT2i3V1TcWqDZBh3WSMp3B3EJ,MLPU2kRh7RNwo76y69RSrPD1rgogkm13qe,MGmiAJJQSzfB1SArNFjFLjnN9SdfWgnQcc,MDQfLttviGTPAVuce2MDfGCmdqPHGvCD2Z,MPBbK2mLxkZ7hYB3mJvTaE6ohQ8XNMDNJn,MR9BP5dZfCizfdHZjwMfLFk89Kp1JPhN4f,MFvb9VSwAEC62AxUCQNiQr3zwvp9SXkGyH,M8DKKApFTmQTXQTj6opJdmRB8s2pNDKdng,MPJmwyZEXKtSnRCGUD8H1tKLEHm8v8Yioh,MShAuZZToHakjM5ESSrAGhJEJkzNxqEDyq,MPZvCFsuSMFsdh4SGbtq8LcdEWYd7XGE3H,MGmiAJJQSzfB1SArNFjFLjnN9SdfWgnQcc,MBZaa36d55dwphMUJzwUfuYT4Lf7MDEWNt,MGmiAJJQSzfB1SArNFjFLjnN9SdfWgnQcc,MGmiAJJQSzfB1SArNFjFLjnN9SdfWgnQcc,MRKZkuvwsgd89vVmusufknxY9z7xKdAbSq,MRrrVV2Ve69oBLFCzxECUfKZLYqB3S8xJ7,MGmiAJJQSzfB1SArNFjFLjnN9SdfWgnQcc,MV7x4GWsmp1FRrKQ7H23ReTs8s2f5wndUf,MPLFMs17Zw5SYy6raZ3mBhWHhTEadgijfV,MGmiAJJQSzfB1SArNFjFLjnN9SdfWgnQcc,MLWLeAEfRyvLN7fJoGk4tbiMnc2mPU63qL,MVjN2U1L1ZKto1YJcAUgtNtEUBNMEpc5ut,MJrrhg8n2vJEHrKohK7XgsBihj9DKeNG7M,MGmiAJJQSzfB1SArNFjFLjnN9SdfWgnQcc,MDeeTA8wagyrAtxYGmz7DBWKuXCGEXvKHb,MDC2gVuukA2xcoTrYwZz3MnuFwSkixwtN9,MR9BP5dZfCizfdHZjwMfLFk89Kp1JPhN4f,MGmiAJJQSzfB1SArNFjFLjnN9SdfWgnQcc,MUu6t1MXozg7h5k3dUPv7H2UEDqoatAnjX,MLcL3EjCh7ZQTN33UoUz2EsCRH5WqUE3rs,MFMQXqykAJ6g7xd2pMdLdq8C4EVCDUvx2J,MGmiAJJQSzfB1SArNFjFLjnN9SdfWgnQcc,MGmiAJJQSzfB1SArNFjFLjnN9SdfWgnQcc,MRKZkuvwsgd89vVmusufknxY9z7xKdAbSq,MRKZkuvwsgd89vVmusufknxY9z7xKdAbSq,MRKZkuvwsgd89vVmusufknxY9z7xKdAbSq,MLcL3EjCh7ZQTN33UoUz2EsCRH5WqUE3rs,MMrrBTM8rFpuSfQtqiPiFgBFBWcNuMBiBa,MQHDp8XtVPygU3EQM8X1v9yeXmBCrDozHi,,,,,,,,,,,,,,,,,,,,,,,,,,,,,,,,,,,,,,,,,,,,,,,,,,,,,,,,,,,,,,,,,,,,,,
MUQvFPgrWzj4AtfajyPRiV8jsxSgN8Bsam,MCEPuW6Px4Va14ZJATDunDFaWGmUdAPwv7,MBUKdMnMwXBZMTKBcHfmVN6ssN7Pg2BJ2G,MKs2bq3RjTtdFbSZayKhD4fMoW3Wg17P9M,MGDyHpiQjFWvQbchT1PiG3y4F7waP2uFtb,MPfhwNP5TeXoWmbgH7JZjHQe7dWzngpv16,MLA6xnviTFiEQYb4DMsYJJpCxo1ZdKK4Gp,,,,,,,,,,,,,,,,,,,,,,,,,,,,,,,,,,,,,,,,,,,,,,,,,,,,,,,,,,,,,,,,,,,,,,,,,,,,,,,,,,,,,,,,,,,,,,,,,,,,,,,,,,,,,,,,,,
M8qK3FEMXHByd5FS2aCf8CEtUvD5QVwGNj,MJ7YDTwpmaHYqp2TAGknLjaB7fk29Te2o9,MKa8o4TAceWvgo2qu2nEXAtSKVVpLRsPKR,MX1oW6MHEdfArwZ5d6KkFw7gP7WKwQefKz,MKD3EcpXsVSdZRsJeG4WqGMimtzysaBzyj,MREoSJCay1tMGSXS9mCMyJfxuE41ZYLqsj,MGr6AGiDgGnWgH4HhERun4dEuNBAoV6wSs,MWFsyuJePzvkCre49GU4tqtAafTHiVhuZk,MSLhv1w1UufAD4JTTbAA1UMvNX8r8eTvrS,MKa8o4TAceWvgo2qu2nEXAtSKVVpLRsPKR,MMkmNh3jzMzKQUYb1Tpw2WeZeKMKaBJg5V,MHcRRzZwAsSNkAJc93vUrTDTW3UsqXLu99,MQvcfvBCKeAbW79ahu4g3TmxuHsPrUTffu,MF7rMsAvgM5gt6DSatwSeSGjVKtaa7ajMk,,,,,,,,,,,,,,,,,,,,,,,,,,,,,,,,,,,,,,,,,,,,,,,,,,,,,,,,,,,,,,,,,,,,,,,,,,,,,,,,,,,,,,,,,,,,,,,,,,,,,,,,,,,
MKJLvBTDeBMyyzrn9gV8g5oSBjgcG2vNfA,MFHx4wnBRq8C9EG49ngtqwcBtgywqR93L7,MHcXneesokf9hYksVpxjyA6seuj2tqQzSy,MKs2bq3RjTtdFbSZayKhD4fMoW3Wg17P9M,MQgZZg256kY8g3JMgKVLHAdBYzQTkjLuTz,ML2haVrWrd5rB6d2n8Cs9pUEuQX6b3Tpe3,,,,,,,,,,,,,,,,,,,,,,,,,,,,,,,,,,,,,,,,,,,,,,,,,,,,,,,,,,,,,,,,,,,,,,,,,,,,,,,,,,,,,,,,,,,,,,,,,,,,,,,,,,,,,,,,,,,
MJLmMwKPXfirsPvcQXKy1GK2Fb6KgjaobX,MJLmMwKPXfirsPvcQXKy1GK2Fb6KgjaobX,MJLmMwKPXfirsPvcQXKy1GK2Fb6KgjaobX,MJLmMwKPXfirsPvcQXKy1GK2Fb6KgjaobX,MJLmMwKPXfirsPvcQXKy1GK2Fb6KgjaobX,MJLmMwKPXfirsPvcQXKy1GK2Fb6KgjaobX,MJLmMwKPXfirsPvcQXKy1GK2Fb6KgjaobX,MJLmMwKPXfirsPvcQXKy1GK2Fb6KgjaobX,MJLmMwKPXfirsPvcQXKy1GK2Fb6KgjaobX,MPvJ6uw35bmkAuZ4WVqFSMpQgiVGmQm6pG,MJLmMwKPXfirsPvcQXKy1GK2Fb6KgjaobX,MJLmMwKPXfirsPvcQXKy1GK2Fb6KgjaobX,MJLmMwKPXfirsPvcQXKy1GK2Fb6KgjaobX,MJLmMwKPXfirsPvcQXKy1GK2Fb6KgjaobX,,,,,,,,,,,,,,,,,,,,,,,,,,,,,,,,,,,,,,,,,,,,,,,,,,,,,,,,,,,,,,,,,,,,,,,,,,,,,,,,,,,,,,,,,,,,,,,,,,,,,,,,,,,
MUWJmxktT2Zzz7cojzmrsofNgo16uvCa1z,MA7HutSLmeEDz6uEGe4JGtSea8s7CjTxER,MBD2HZVWBUwQ3yKXYwdFZ6ien15gYvSq5e,MAvwvuiTaRXTX5C9Y3XoaSe3C3dcs5e5E2,MK61ndjhNpsuQHEhCVhQwnBHxNK9BgoEyb,MRgQJG5ycET77y4R8FXhM37H2mnbJKcqMc,MVFyXtTcadHt6uZKn5dGEucxRBiPX1RCTm,MSkimuqgxpSPYRj7qjiqXs6s77zhD531F4,M9cCwPCB4YdGAkzezUo8aAKjwtUY7SeC91,,,,,,,,,,,,,,,,,,,,,,,,,,,,,,,,,,,,,,,,,,,,,,,,,,,,,,,,,,,,,,,,,,,,,,,,,,,,,,,,,,,,,,,,,,,,,,,,,,,,,,,,,,,,,,,,
MWQmVRGaH7GnnZJ5RjjZzoMEJcpq6UbW7S,MVkyu9nBAtjfJ9p9W3UiE3m5FcPErqfeNd,MGCr4eHT4VHn7VU3P49dtSHTN3FLc4BizZ,MJ8t3PgwCzUoRYg8LJ1k7szRZaGa4vz9YF,MGBmtPwEG2auc3c12aF6rTu1z4LJr1sLVp,MG87eLAuQPsegXMFyhzJ2DY9JSR1mRbKyv,,,,,,,,,,,,,,,,,,,,,,,,,,,,,,,,,,,,,,,,,,,,,,,,,,,,,,,,,,,,,,,,,,,,,,,,,,,,,,,,,,,,,,,,,,,,,,,,,,,,,,,,,,,,,,,,,,,
MNVDciYMJF6xVemDfv1DdC6Hez5mGTNFqK,,,,,,,,,,,,,,,,,,,,,,,,,,,,,,,,,,,,,,,,,,,,,,,,,,,,,,,,,,,,,,,,,,,,,,,,,,,,,,,,,,,,,,,,,,,,,,,,,,,,,,,,,,,,,,,,,,,,,,,,
MG2m1jxj22suBNAWocawtdSKGCiFEqTTK1,,,,,,,,,,,,,,,,,,,,,,,,,,,,,,,,,,,,,,,,,,,,,,,,,,,,,,,,,,,,,,,,,,,,,,,,,,,,,,,,,,,,,,,,,,,,,,,,,,,,,,,,,,,,,,,,,,,,,,,,
M8XHG5nXtCtquWQikpwSc8aH4ao35wR4sC,MPTPaJ9Ns4x3Td6pMhdrWmhMmnE4sYsSSz,MUDasi6yPD7iMGgXyRPAtWA1EZvRo6RHk8,MRmSXA8YywEqvjBVi9vZhEhSQGw3hPq1cL,MRxWNggCh742ibqRFPTbDWJ6WXPHNmAsRh,MWZpTZhxmCTj31zLveCMhuaCfsjpb6x6k8,ME13cQb9bweK9ZbvQ5ts3dKs6h1nboTiGt,MLzmgUcLhwjk6XoD2c3s5DBE6poGsnGJxp,MAaGmDNfYMu4AMFVdJaktkzoBc5jdqR9hH,MRgBLdMfWh2tg8gKicACmvFhLzHHxZF3Eb,,,,,,,,,,,,,,,,,,,,,,,,,,,,,,,,,,,,,,,,,,,,,,,,,,,,,,,,,,,,,,,,,,,,,,,,,,,,,,,,,,,,,,,,,,,,,,,,,,,,,,,,,,,,,,,
MVzxY3DZ2Yn5rGuF4gB6qzUg16SE8hXhUU,,,,,,,,,,,,,,,,,,,,,,,,,,,,,,,,,,,,,,,,,,,,,,,,,,,,,,,,,,,,,,,,,,,,,,,,,,,,,,,,,,,,,,,,,,,,,,,,,,,,,,,,,,,,,,,,,,,,,,,,
MSW5q6Wx9QvoaCA3ayQckb1noHQGCW3Ffw,,,,,,,,,,,,,,,,,,,,,,,,,,,,,,,,,,,,,,,,,,,,,,,,,,,,,,,,,,,,,,,,,,,,,,,,,,,,,,,,,,,,,,,,,,,,,,,,,,,,,,,,,,,,,,,,,,,,,,,,
MNkLmCE6wD7ykXf1JaorpitPjiU3UgFXkz,MCzXbvC2MKv92E8hgeAsXfR72jHxFbyorp,MUTjnnhHdBMRWkKQgEgDzBhSzTkLhPYGEf,MGwjzFjGmL93By2iThtx7jMc8qsHZFRjPU,MJuGywWGr1jbfo948PVwttX3zdWDxR61Mt,MDT6EL7ZQgvN8E1rn1tFz53xt1CYXrLjrK,MKSJoR96mzMcJHSa6UYr9X43oCzitfVCRx,MD6bG3z6Li3QqdbYrj2YLWBZusiQthuWyX,MGG2wZJ7RFztqDdAx7N2NSt1TFycLM5iSt,MVU9nDpQYHhQb9qP4beDypKPdMXvdq35zM,MBDc6SkzvGhV5LUuK7ZnjgVRqydRj2h7se,MCSrwRbJmVuetKwTHFr3r5vaBKZTDWdFEi,MPNin1o5FnsgPQuZDvs96Nnk6xoxvkpTZj,MKE8XxSx7dwthEzmvNnnQMG1Q2YgAKeoHx,MWrQBj6MDthEsLmPCEcmSrWgg1ZHfrmqQK,MSrps1yNEULF4m8j8BfXYyC1RQDqWu3TUv,MVLd6P2EJ61NYPLpnz5BFC5hxeB4J2YuHm,MGEnS2t4JVTAJD2yHYWfbjjWgx12QVQfPg,MD3ypJFLHXqAazMx1om1i9WhMiM5Wro22h,,,,,,,,,,,,,,,,,,,,,,,,,,,,,,,,,,,,,,,,,,,,,,,,,,,,,,,,,,,,,,,,,,,,,,,,,,,,,,,,,,,,,,,,,,,,,,,,,,,,,,
3PLC5bK4YkLPQai6bBRJdnKTcidP86qf1L,3QqkfgiH639ukTNXfHTXB8iFToFVAj7rzQ,372Bqwf7oQGGKS5DEZhoVd1V7dNT6g9Gpb,3FBcYSCDsBonsJdNAVVhfBSNNBghgnC5K9,3FBcYSCDsBonsJdNAVVhfBSNNBghgnC5K9,3FBcYSCDsBonsJdNAVVhfBSNNBghgnC5K9,3FBcYSCDsBonsJdNAVVhfBSNNBghgnC5K9,3HWrSeSXt2zTBpnpQ2xWWeXQF5LZxLnBFx,3Ace8bkGTr7ARGcnCx6UyAqmLTCYNxKr8E,3FLKDxadjzPEFMgqhYP6JNPVFTT8mkRwRz,3Cm8HUnZuizZSo8CzBsQ6WCrkvm4tpS8YE,3AQUMyXSzzSqZdeRWpUsNrquBjL3ZEqSMp,3HAB1Cxq8py1GwJTJWBgE15Yrkksbh3iPw,3842mKveerXKbm9ipx211eRpHybU7abBkA,3ERgudhoJoXQkNRj1XQs6UDfSyRrc8nUa7,3FBcYSCDsBonsJdNAVVhfBSNNBghgnC5K9,3FBcYSCDsBonsJdNAVVhfBSNNBghgnC5K9,35ddPRRjbyqvZhn44uBmJAR6a5kCki9hQR,3FBcYSCDsBonsJdNAVVhfBSNNBghgnC5K9,35hFJ84bvacRYAQ8q58GE5ugPTVsdUcN2w,3BpM1szx8AwSFyH9s5cSN5xG7RLBaSvej4,3FBcYSCDsBonsJdNAVVhfBSNNBghgnC5K9,387XRZpaRKTUK6qkfRjRq6vadqkCuDwEhz,3Jno81NNCxSqjS8sqdB7P2Gk66qsCyRHGN,3Jno81NNCxSqjS8sqdB7P2Gk66qsCyRHGN,3Jno81NNCxSqjS8sqdB7P2Gk66qsCyRHGN,3BxX58gSMw2nB7CF7dsvWkPVJ4Wi1iU6Hd,3CJqFfdxKYBnpdxZxXtudWJiJH1Z2H35pt,3F1ZrCFaKxCJmhmko8KFcuprDyEyWLQVL1,3Jqtzz6sWDNk3zs5AqtUmBEwd2yaZS46Ld,3MB8Kpxpc7BcUkMKcPbbyqnVPgJrHtnwot,3CyXNAA1Th1Sc7gbExLWWR5apEQ4zNBtdK,3Bd4DcRK8NKNPQdoRYt8hYFuQy47VbqCo4,3B2fs9J97kSXP2eEFEWnVrBQf92DpW5niH,3A8DrWGxuHEWBu9bTUewVbgmpgeDmKJab9,37UStya1SHd313gsouh3vPH8RvCK9zL5bC,32uBuAUfbjj5ejoPkYjz8tenynnThkf5b2,3JsSX21ZCEw8UtAZq1pCT97KGKmgrzSKrS,3FDKZj9GS9adZ9UmhmnJPuaF4qLWwqyMhu,3JCKHrfuTomjstRknDoiCrmQuoWaPKytb4,3R1sdSaUHqnh9GcLbWTfNsPEcN12Y51mEY,32c6yvqpLFKRNYewSd2JqbnHVREfpWQBaX,36sCW7dGgWNSxMga6C5cJFrePM58VCQXWx,33maguTr3277e1k15bDYv6Zdt6DiDE9UUN,3HDg747YoJbGFxCQ5FyZtKdAAprMG3auWW,35aurKpcqAFN3Fsiegi9D4hC8ohnFxfGhi,33yn3SWHauPdCmG4ZqxxxmGq7mAFDRtobS,3BArQJUFJFSktrNEWc8pUa4u7q8ZkpLGYs,3L2XfkSDj2QozSsTXuLbKRBaE6oE8BmZSj,37kPi29VKJWQkpknjqzZcvTBjGgxPzVbdp,3KBs6PpvpJNx64EkBcKKjokGQP27gXjG5w,33YPt7wa2EA7Dspsjbbz1dgoyD9mGpvGUD,38HwHcWxKdLnXabXrjRAcK7EvRSaiL2Ut9,3BXDzHAZdm3yoR85VF9jef8FN3vt2rZkLV,3FvPE6rwYjn16u68SCMpcTgqyoHBEXXH13,3JQXrtkFZZTAmqTUPHkUY4T6kqe3Fq5t5a,3NZJqX4THc7hiFzxyKiZTS1pd1C6Z7fP2H,33C6Sm79YMAGUnsSFWQa1ud3LpAYfgqiR8,3Bb627it9wtW8vUMyZwtyEQ7fceDsor62j,3Bejrm3y5Vg47N4tPNFQjRRnMSyFtiM152,3Ao5Rzi748nGEC4pKAWnRQytV1hcBnPvBd,398XAYVmTtRaKeS6qSkZQCnPgpBygfibtR,37s1PkbDTPMQ5GcbBj75PRrCWpEktKfMk2,3QtpVBoN5sevT1srSdBpDDD16MWgzRUbxt,36sCW7dGgWNSxMga6C5cJFrePM58VCQXWx,3Cqp8UT9DwSYUpngCVpwqh46VVCzDixcbP,3CZiz4wP8xXmrJPbGqt9TfmwsNqj5wb1d5,3HT7ZK2vcmAaQw7c88DK3xtdjzcqLs8khp,36CHsFweHfPwDduH49HofUw3uojEEA4u4E,3KCqJzSsTtupUv1FiM1ZAskim595rNxv2u,3FAbbdu6YSH87Ecg6qL26yWJvcGUSPvBHs,3GXuDUw3VebCWyUJSDT4XRjJrfJ6dcYcVo,3CMyTHJqeq2SwrnzRUS8HDcgdHMtTNkRv6,3E9RP5oBkcq9ANQqG1r2fum8QHJh3breCJ,341igd6oAaEaRD46K2Yj8BUFfHevfodzHN,3FNyZsj5VkLuiu3DdherJo8s2yQ7EMGEPF,36M7TVVJ71xTz7i4N5tq5WmFjHqp6usN8K,3Lq1gRhABuDztP8nyQnieG71xWJAjncygF,3ARH923Y6tPpp59eUdb6kvPWAVp99FtJ5S,3EYW4Anh1oJPwxzoSGSPH1rqnpftkdafHu,3EYW4Anh1oJPwxzoSGSPH1rqnpftkdafHu,32LnexsgdVP39wYETdXmMrYZbwkMStwkv1,3JPeDmGEa39mvtjVFS3S9mgq53RK3GEk7Y,3ANJm4Z9zVKnmDMeW1aEUcpiMBuVP3WxqD,3L5d9GQRrrSyGymhJmdxWeEbHkEEba8B7V,3PxCM3HwCk4WRn439c8oxR5ETU8Tn2b8SL,3PdZJqz6T2WmXbwnLBSAmNh81vC19anLTt,39JTJ8WE65sVZbFgf1EyMH5d5jrq6YpixS,35XTyKQge6noRpU2mNCGmxwYnZZFiYg2W9,3ADZPThAt4CbT4wEwBeEqeRQ4bDNhgsQGa,3P2GpBjCN8sBS2MVUaAfTTDm8uRoL6sFsg,38jc1XrKdeF6j1LMWw4dWx3qkPGWMTDVP6,36sx389xssL21jZ5vJbUhypG66APH7oNVj,3Kg1LbAMK34yFPRZRvrcdKHmSb673yaG2c,3HHmjc7qLroPbF8F8foHj3VR5EwDRnZrrh,3QUpFCoCPtiqdgkvH5WRTgvMVUNWBRdzyS,3DPjobcnHdJf5t4A8VMh8pxrm7ANMMwY8E,3DHXcpUgGLsM8vdCE3GXHB7cRgrRYDqA1Y,38iGR2xFXpRWRXX5i6xnyitKy5FeieeTXQ,36WTy13gaKLGEvbZDj3AQTisuRcFUN8dPz,3DHXcpUgGLsM8vdCE3GXHB7cRgrRYDqA1Y,3DHXcpUgGLsM8vdCE3GXHB7cRgrRYDqA1Y,3FsBDU8rwCaHRpNhmJfiY8mk9j1EvVkc5h,3MnRdP5zEQ4Gff4n3SxA86fS5sKRoGAk1u,3KayWtsLM9b2msk6KnZWgiy5L1DjGueFy9,3Eo65KfCu5NMv39jiAp2QM1UVYfmH9RgiC,3DHXcpUgGLsM8vdCE3GXHB7cRgrRYDqA1Y,3BDUEWkSqBTUChMnqrRinzCtrtDAvZpvVq,3FHdadRH3yyq3pqk7ZQRn4h6GsHFFcFYKQ,3FDHB8h2qz4Bpbm6MWDcSDgYmNgEeR6qCd,38SmriZry9gt22NVLpknDPCFctTZhN5DUG,3FzTVYu5inXn8jp6ys3vHjRWw7zM1tHJid,3Jz4M47kexR1cF5kzAQbYZ3X97atBzUbFU,32VCFHPWZq4UN5NPxdJ9dHMHLL9UbE3hsj,3EYW4Anh1oJPwxzoSGSPH1rqnpftkdafHu,3KPiBofQbyDvnzEDSYUZZUzmz1HZ3Uzu6Z,3JvJqPMyZCg3E88tmChaw3nNHdLMHR6GXq,31hRbA2WaYJiCnkyrCxyhFJHGmtq24vZN3,3DXmsn7H2Gpd5LW7PbucyY78Pmy1qswpu5,3FLKDxadjzPEFMgqhYP6JNPVFTT8mkRwRz,3HGXPUpUUSKrs8j5nZBikc4c5rK8Ep9rqd
MSuU1xHnZ4Bk7bvxVPi1w86f1s6TosMBtE,MEx5FSrRRDmMiNgch4j2vqRY11PHxHSVeg,M81NnqcNDdWU3FVTeckHqkEhGkXVEN1e8B,MSCeGVtFduvrRZKFvkDjQhkXWgS2Rbuimd,MBvRA8hRxK7dqxK15U4oRbm7tJZnhy83Ds,MW59bT4rPfYhpuLoQH6qjjihpshAYsDdBp,MJn2tQCvQGBta93TNw3dVaWBkMgnoWZDoA,MDWGRta7LVA8uzXJGjhWhwwyApoZUX79iN,MEuHMwAmDouz67hHqYitPydLdz4NURKeb5,MC1MP5hEB6kzXiTcfgoDQ3B8yBs2mwDbSt,MPNKPvUpmTx9wTK7BEs9nWoZwKTsSiPBXf,MW9sjyqcP6PaczGjdHZEAocn7StgzcjtBV,MSCeGVtFduvrRZKFvkDjQhkXWgS2Rbuimd,MPWwn2wDNTdm4WdQtjcn8JjqymQJecmhN9,MHcajEqfjDYxFFHZMyRPSnN6C1J6DeCjwE,MPin7a3pWTveQ1JntvqxizoVBdBQdpd7Pa,MW59bT4rPfYhpuLoQH6qjjihpshAYsDdBp,MNqgTqoHqjkysG91QEWymEoMdYUSCnwEmm,MSfnfkQrSPZP2141SEMKBeFQqP4cSg9DYd,MM9C3Rt9eMQqoenbnqdwqossxt7MFtkRsj,ML44avmVTfbxPqXnAVQiWEXrCgqJvQ6Bc3,MEbxa5RzL9avXAx2hqGBm5tqwHt7rGnBXw,MNNqJdnpSMCRp2kGU7ZJqMVVs6yXk2Eq9t,MK6r3q9kn1zn1sS2E1JUiWAdGH37bdpteL,MRodRcaRkuxoD8EuJzCFsUA1vsmjQWazEw,MDqCGMNBgr8Pu4hq2eLzKLFVmR1cWdvzyy,MStPQCXyeWvS7bAVoVX9pB6x3WeYR7HnSQ,MERtzc1afMa7XdG6mPJ4gyhz643msK68ji,MGMQvaPon3bNPfSnSoJ2Ja7vSq7TQbHgE1,MG1evShkFeTQFvFJoXzgfrfueVGGBxZLBx,M87DDFJgPQhD94aZfBPwsLwusvkVya3Mds,MGvgpNMx3FrYCoqo1eGLEk1cQEnsxWpMQz,MCA7hFf2cBgGaijmj8YJQjjRpeLZADTpSv,MGxq4Bgwy75Rp21mWqasZ5GxXTjtGXaXBv,MRx7RuX7vcauRCKLUH9486Kk7pc67detmb,MMbhEDswx2ejAiwZJ7bYxMVmZZ8ZkziGbp,MV5jMxmLmNxqasnYxY7HTAoPnXUAFciPs4,MERtzc1afMa7XdG6mPJ4gyhz643msK68ji,MBa28RW4Vze92LqeHrGs22WFHCCCTKixDr,MV3kgY2JbEcpJyswu3GnoRquxa95foRjwx,MPRYsnY6kfCC4SgY2Lcv5mPv8aavsUUbik,MQcpS1389G15eQxNfic1iQ3QbF5gi5J9CT,MEBeQgzdGvjocUyGcmEVP3HPHDxf5XxrES,MFd2U4gAxiVvGNSWc9DvvqwDikzqTv6SR8,MX9MxcbbdJQoPo2Ybtu5Ga1gPESAUDeFek,MGuN9AKD4bUjgQBvggepk7nBJrMKHkPSbP,M8cfhCgJuBmmnHLiLb27DZjidP1zkVPqGC,M8ui1WwaJrfs3HyNsTgfcTk6XvMqmGZ7L6,MX9MxcbbdJQoPo2Ybtu5Ga1gPESAUDeFek,MKKW6e7pSVXMJPAaBP3aCDaTAJmcUUi5um,MX9MxcbbdJQoPo2Ybtu5Ga1gPESAUDeFek,,,,,,,,,,,,,,,,,,,,,,,,,,,,,,,,,,,,,,,,,,,,,,,,,,,,,,,,,,,,,,,,,,,,,,
MG1heJNqfyF6tB2czpRQdBxowejARTHFpk,MPsNMvE6XZtp1hFnufq5WP2D5jT1SurFU7,MLXqi9QiXxzkQ6Wca47vpmz4wdpodxvFQx,MU392rkQgzjHaVuGH5R9qYtaWM6yCGgWHn,MTTfejDDRk9C73uMUfd9nMUKbp623m1pqW,MVhvQnf5v8iEoTyR5VxLNsyGt99RWEkRqj,MWHLpnGJfzXWqxwiKRY4W7bXv5XokaYgpx,MBekbVMVb6mLSQw8GfrNt2dEaQjCipCf6L,MVhvQnf5v8iEoTyR5VxLNsyGt99RWEkRqj,MH19PFWmJX8qBNoocQhowstYVdvKYgX1is,MQGzKydY3unNzTje4zk9FpQpzkCm7H4wMr,MX6xz7XxEkoDZYd8p619byyyVpnkKhV67k,MFr6f6FnA1DQnSU8ADVnTZgqRuyzR9tdNJ,M7wAQb3fCuqCPnDmAkBezWDbcDwKLdxLJn,MADTncX2y2cgDGts4pTXA5AxAY5SNgzq2v,MAZtb21NUYMcng61mYAse1WL7jLWi6o1no,MDDFmojM2uuTUuzFd29ANDWptxopk8tkJW,MECsTdUWX3VD3pNP88VYaCPTf8uV4dgk4p,MEo2QPFaNNAiVCbMDLZEVU8K7gom4sEpQq,MFVqxjqrykPzHrPpvdp2PmB1WAxdke5DSs,MGt81T7eb829KmV8PtQy1ZfKAC6ms6gzFq,MHdELVdEQmL3PEwtZxXyU7Scza7khT6QYQ,MJD3rAWRk55LJmfeemqGXRQN9L1WdGQsgC,MJNUqhfVmmKRfB53c7zZAxgNABsJi7LSrh,MJvEjZP8oDLGUwfwBA3JDsUeG49HPDFoTV,ML3wKxSXTJsL8a8Fkcu7CFSkDLFEKNHSz8,MLi3X9nRhSoQox5YuSb9CEezGyuPHcdY8a,MMa5mv6zXs5zRh3yZAtxikD34aUjD3mAEX,MN19BKsxFgcKWd5DBKxKdLjemhk4VaMeLn,MNyxkefG4jWX9YABMALd3ECzRbHGzTfZBJ,MPrKqTigHVUavkAgzpnS44bNuYxcMG9bpM,MH6BzYRMTQjGdWRo511BMrAeNuvefCrAPw,ML8wrNex4qW1jUi7kXyY8i5f8w6wtVyopb,MRAXuVWtng17NAk7vLruFtvjdxeQcPvwCm,MJNUqhfVmmKRfB53c7zZAxgNABsJi7LSrh,MNQpxaa5gcZLqdr1rnkPD9EF3yR7uE5vL6,MNikeNYwwe63f4fjm64AD2EYQjnoQykZ65,MT4Mp97bt5WbhNfwsVunWcn6a39NhtN2BM,MPQm34cjLE1y1hNBkBBeVbVqe5qjKqW4BT,MJoswsoWm8wWWmtGfuUKCED1MesA2jbmjx,MWHLpnGJfzXWqxwiKRY4W7bXv5XokaYgpx,MGsZWFtj2MpJ4tC9uDx7bwJKW7ZtMaMynL,MBfP7TKAwojcUn63AnVZzmGHGg5YTJBt2W,MJs6DdVJRJAKLzi2oGAjwYJKtD3TiSX8Xw,MC1o8KnDdBJKVz1pUJetka9Q1dYusuKkmU,MD2pEcNDTWYxgbctR9z6zRVZKYpCRA14rk,MDmgRGYZfuu8ZDC9GFT3mLXjzVXYQ3vfWj,MVya8RkdBK3JxUMwGPyicFxMV8mQR2AFjv,MRaLdmaoWp9vbY9hdo7jDtBPCai8GZdiAf,MQt2S6bMw4spRSH4fmtzohccgQZgGSznrP,MBKFKPo8sBXfNAe2qUcFQoFug9EMuWk77f,MKJXqag41cMjF1ukhK3ox6CUwyFHron9zr,MSuFe9BqpwcpkxTbdWeAE6kupoChcm4hv2,MN3ndZahcLhmX3z8rffc6A6pVUBFP7LqXp,MTvmsnJ1RqHFUYLZ26L65H2ervNjUg2GaV,MGeZDXWpxfUjhFSizutvtjV7tAQDd7e2sw,MLXqi9QiXxzkQ6Wca47vpmz4wdpodxvFQx,MN6oLgrAB7kyYh9zfQh3pge2CNV2ch4wuQ,M9Yy2pnXQpGDsAk1BrZrgnrGR7jX4wdBjF,MRnPdKTCfbZsoFb2wWzwiVMkJBrhW11RCf,MX6YhBNwLqMwUSMG15LVErfGW3ukYxSPfD,MHV8nFFky1SfwYTvQ4xnrP2y5WWKE4SWHP,MLGF9FPJvyArQPHxpawcrxqVBwrqutCXWv,MWZYpWdgKwJV7v1uSCWqHZ9rkA5YCxUS54,MVrUeDVKfdDW5Zt9yGGdnAGtv8trxC8UQk,MNhAa7Js6c6gvSgXLumDuTzcR6S21qQqm3,MUBEtDu4yTRePXyoJbE13ichXLFNo81B2z,MR1y3rFRLCRSTUUXcxpprMdTjKwb3B6Chv,MCmhQkR8r8wdL1fNwVi7jPRRjjmteENrTk,MQ7UwbMadTfXhCu26rGMKeThmdnwi81gg2,,,,,,,,,,,,,,,,,,,,,,,,,,,,,,,,,,,,,,,,,,,,,,,,,,,
MBG6wEZDtbvGicMt3SibsRXm4SVu9WEVxM,MHrb9cYT2D4qZ2e2tz17fYnYU5UDTh4HNT,MGQDXVgg7cnemYM2PXM8GsnE8ygtGxWWJz,MQwnU4gDw5K7PqP1T7VYis2VEKbfqUp8Gf,MEKsvHM2zZybxfYzRsZmzPygcMPAmbtF9a,MTLRFR2DduzRVkpwUz1aHrvPb5G5ajgWAm,MUY1GfE8PT6cmRNUL4NTRg3YMMrdZvNuEK,,,,,,,,,,,,,,,,,,,,,,,,,,,,,,,,,,,,,,,,,,,,,,,,,,,,,,,,,,,,,,,,,,,,,,,,,,,,,,,,,,,,,,,,,,,,,,,,,,,,,,,,,,,,,,,,,,
MBR3fgWKXYHG9s9qekpivndeCLeRBYPfeN,MKYkpzt1TpD8HBKAcqZYkr2zuG6oCWak1S,,,,,,,,,,,,,,,,,,,,,,,,,,,,,,,,,,,,,,,,,,,,,,,,,,,,,,,,,,,,,,,,,,,,,,,,,,,,,,,,,,,,,,,,,,,,,,,,,,,,,,,,,,,,,,,,,,,,,,,
MAUrPoxhbjtxUSRiV1gqE5kTJ2NcTeKnQw,,,,,,,,,,,,,,,,,,,,,,,,,,,,,,,,,,,,,,,,,,,,,,,,,,,,,,,,,,,,,,,,,,,,,,,,,,,,,,,,,,,,,,,,,,,,,,,,,,,,,,,,,,,,,,,,,,,,,,,,
MBNAAJoWDYdtRRKmtzNGW81hxwvA4aXahS,MLXHXSSSTY7yo5eJKEYiHXbDvRp9Hsyia1,MUMD11YBLf4Y5Rr5Mr3dNk4S6kptDuJAcx,,,,,,,,,,,,,,,,,,,,,,,,,,,,,,,,,,,,,,,,,,,,,,,,,,,,,,,,,,,,,,,,,,,,,,,,,,,,,,,,,,,,,,,,,,,,,,,,,,,,,,,,,,,,,,,,,,,,,,
MRTRgsjQCSx3RWbWNqm9wtDBMSe4ivr4mU,M91ozEJEMUpWzQ8pnosNaDtiW34RLTqUYr,M91ozEJEMUpWzQ8pnosNaDtiW34RLTqUYr,MRTRgsjQCSx3RWbWNqm9wtDBMSe4ivr4mU,M91ozEJEMUpWzQ8pnosNaDtiW34RLTqUYr,M91ozEJEMUpWzQ8pnosNaDtiW34RLTqUYr,MRTRgsjQCSx3RWbWNqm9wtDBMSe4ivr4mU,MQwsWop9BbJeHgGqSgtuwhBjVDbcx4bNKr,MQwsWop9BbJeHgGqSgtuwhBjVDbcx4bNKr,M91ozEJEMUpWzQ8pnosNaDtiW34RLTqUYr,MRTRgsjQCSx3RWbWNqm9wtDBMSe4ivr4mU,MRTRgsjQCSx3RWbWNqm9wtDBMSe4ivr4mU,M91ozEJEMUpWzQ8pnosNaDtiW34RLTqUYr,M91ozEJEMUpWzQ8pnosNaDtiW34RLTqUYr,MRTRgsjQCSx3RWbWNqm9wtDBMSe4ivr4mU,MHfWCKFAZ2HwMgc6SQeokhxbghmooFnbkX,MQwsWop9BbJeHgGqSgtuwhBjVDbcx4bNKr,MRTRgsjQCSx3RWbWNqm9wtDBMSe4ivr4mU,M91ozEJEMUpWzQ8pnosNaDtiW34RLTqUYr,MRTRgsjQCSx3RWbWNqm9wtDBMSe4ivr4mU,M91ozEJEMUpWzQ8pnosNaDtiW34RLTqUYr,MRTRgsjQCSx3RWbWNqm9wtDBMSe4ivr4mU,MQwsWop9BbJeHgGqSgtuwhBjVDbcx4bNKr,MRTRgsjQCSx3RWbWNqm9wtDBMSe4ivr4mU,MRTRgsjQCSx3RWbWNqm9wtDBMSe4ivr4mU,MRTRgsjQCSx3RWbWNqm9wtDBMSe4ivr4mU,M91ozEJEMUpWzQ8pnosNaDtiW34RLTqUYr,MRTRgsjQCSx3RWbWNqm9wtDBMSe4ivr4mU,MQwsWop9BbJeHgGqSgtuwhBjVDbcx4bNKr,MQwsWop9BbJeHgGqSgtuwhBjVDbcx4bNKr,M91ozEJEMUpWzQ8pnosNaDtiW34RLTqUYr,MRTRgsjQCSx3RWbWNqm9wtDBMSe4ivr4mU,MRTRgsjQCSx3RWbWNqm9wtDBMSe4ivr4mU,MRTRgsjQCSx3RWbWNqm9wtDBMSe4ivr4mU,MQwsWop9BbJeHgGqSgtuwhBjVDbcx4bNKr,,,,,,,,,,,,,,,,,,,,,,,,,,,,,,,,,,,,,,,,,,,,,,,,,,,,,,,,,,,,,,,,,,,,,,,,,,,,,,,,,,,,,,
MCVeYUtrWDgCLFC1jpajR7bWrgxdJ44f7T,MW2YGUBU1gTMRrjXwiwHm1FVZQVrbLDPzs,MCMbQ6hJ1wTaaWJzohANcGMKk6B5Mp9Pyk,MB9fFq1L85UaaA8ab3R2Gj9JfqUAcYPzsi,MUWLwXNFFu5oT8XvV4HnzQAF3RHX6SB4tk,MU2to3cVbsSTtzjisHBkpd33ZW9g37CCi7,MAxGp5ZqVknGCQrUjZyqgj1UmN2pyyM6pF,MU2to3cVbsSTtzjisHBkpd33ZW9g37CCi7,MTNf35sVA5xaDj1gNKAd3CQWW6deYXchmk,MFJND6QkVJBZZWRWRzBdo4GBkavq1tMagd,MLXyVsbyryVa4b7oFkYT5eEWG93Ubg53xe,MAxGp5ZqVknGCQrUjZyqgj1UmN2pyyM6pF,MAKc4btGEyiN7n7GnnzsAHRsZXjq8cnqxX,MAxGp5ZqVknGCQrUjZyqgj1UmN2pyyM6pF,MAxGp5ZqVknGCQrUjZyqgj1UmN2pyyM6pF,MAxGp5ZqVknGCQrUjZyqgj1UmN2pyyM6pF,MAKc4btGEyiN7n7GnnzsAHRsZXjq8cnqxX,MA4Mqj3y6ems7oWNJMJV5wWz4HMvbxw9Jo,MA4Mqj3y6ems7oWNJMJV5wWz4HMvbxw9Jo,MAxGp5ZqVknGCQrUjZyqgj1UmN2pyyM6pF,MAxGp5ZqVknGCQrUjZyqgj1UmN2pyyM6pF,MAxGp5ZqVknGCQrUjZyqgj1UmN2pyyM6pF,MAxGp5ZqVknGCQrUjZyqgj1UmN2pyyM6pF,MPMaWY1kuJAaRfwoADRxMEw1ttVCdmTvLP,MDMazFAunsvW8Jf2DJEVvYsaehyAPgWNN4,MGfJvENcuxuT6Tdp94Jx9TSwk5UjTsAc6F,MVPVmbbm7g3f9PF2xRV6RSoSnw8xfr8kNj,MHsq7KWRdhPfiksuCTsYQUABkfM4T3Nsoz,M8z2pRHWoMSW517A7oXPjsyRt4SAHPK1ah,MH33NApEh9nBrkbZe9DqHUTJzKrzT6wbpp,MTU5ngez1jkycdvs8qgDsvLwrUXA7pQfCc,MDrVYRFVsThZ4Y4GgXF6hXrfL5fa3Z71qm,MH33NApEh9nBrkbZe9DqHUTJzKrzT6wbpp,MH33NApEh9nBrkbZe9DqHUTJzKrzT6wbpp,M9qLid69df7SfJ8nxXRy8D2xK6ZL437r8R,M8erZnmhtxSC8dzLuDt2L9HdVkC56PcThV,MTE3XQhLUSM1hztJCedo43sTKph6JLmF8o,M9wtHztNo9rSvneRSPPFaiP2vyp6nF2nJn,MErEeQot1S6RmSYUTBXmXkrks83NnsnWEg,MP1zvKeGorakWW8ANfmw6AwZoUHWvVTMJc,MDLL7BeGsjBPjVAHmi2kQy9qphKeEZKPrq,MP1zvKeGorakWW8ANfmw6AwZoUHWvVTMJc,MP1zvKeGorakWW8ANfmw6AwZoUHWvVTMJc,MP1zvKeGorakWW8ANfmw6AwZoUHWvVTMJc,MP1zvKeGorakWW8ANfmw6AwZoUHWvVTMJc,MP1zvKeGorakWW8ANfmw6AwZoUHWvVTMJc,MDLL7BeGsjBPjVAHmi2kQy9qphKeEZKPrq,ME46tgarHMkxojYpzXtgaUHQK94bpsfnv1,MGVz9dbcy6pyHnuc5whytG8M6RoP3vdqeu,MFA14QQfnG4wUTELiPU8sK2R193vvDqVoh,MP1zvKeGorakWW8ANfmw6AwZoUHWvVTMJc,,,,,,,,,,,,,,,,,,,,,,,,,,,,,,,,,,,,,,,,,,,,,,,,,,,,,,,,,,,,,,,,,,,,,,
MLKS9J4hq1Km9Ldtv8WAPtTqXe1AJFdYfq,MNQ6PQSeStrqZxfANGoWwBZ3P3WMDtHooo,MPdP4DwnpLwDzuCSQnBYpP43zTt2Z1vzat,MQG2jYLFQcn6iuT4Td1hh7yCqVKDDZN9Zh,MT5CRNRmzh4Qxc6e23JDBNAhqaAt9fXtZ9,MCVLGyJThuSpUVjS7yqV1j8d7K67kzUY6f,MH2VjTXPWUVHCfFJ85Gf7DwAvkjfv9iNRF,MDDQ9yNho9fxE5CwWiHSHdTsEPebMZZGYS,MLWEnF12Fw4DCjJAXymX28gkayv7NukFEs,MENRhMXoH7qxmVKpLUikrU2pbS3k6C3E9r,MDJTM1ETg4jDcaBii6ZXkmw1eF5LtmA35V,MP1YqnXjscUNdYKb1FveyrbkrKZGu4CjBA,,,,,,,,,,,,,,,,,,,,,,,,,,,,,,,,,,,,,,,,,,,,,,,,,,,,,,,,,,,,,,,,,,,,,,,,,,,,,,,,,,,,,,,,,,,,,,,,,,,,,,,,,,,,,
MHU4P5p2tqe7KBthR2LmzLuh9fHEGefZs6,,,,,,,,,,,,,,,,,,,,,,,,,,,,,,,,,,,,,,,,,,,,,,,,,,,,,,,,,,,,,,,,,,,,,,,,,,,,,,,,,,,,,,,,,,,,,,,,,,,,,,,,,,,,,,,,,,,,,,,,
MLBgVJhnjFvb7VE1UQAxhj4BYExnqMgkr4,MFxyncdqkAdiTuqv57iDQtr62YpMcqCvho,MBD2HZVWBUwQ3yKXYwdFZ6ien15gYvSq5e,MAun6rK7hLoExy7od88APrT93GQy6ytnMp,MGMU1pZpYu4ztvuqnJD3cLq8RUVUV4pYMd,MVKHD9Fi6YJgSMHtNhgQwRG76c84UH7sBU,MG3ewEY55NC1hQdXFz3t1UAtGuYnaAzr8L,MCNJkKqMa7a8if9vszRba5DuuUPvLgXDH2,MV1x43uVAAjLtYJL42WGAhKgfnHayxxY4n,MVyF6ddqmds7Bo7iAGyh9G1sWLXyjwDacN,MHrXQjbA8mvjR9RPLjL9ARCfyvWKZg7PQL,MA7YdRyZFtJzjDUj7eE4dXqufYit1YyxgP,MMscVvHj8bLt9Nhi9X1v5PwNVCju5xJphb,MWCA6z8a1ZfBTRqUmpV3FEMrmdzFV2tSFX,MEgD6dHKcjYM15drp9WJAL2rT4W1urY66V,MPNW9PEzmMHkteVJ8QpyvXamtEsTNT6rJB,MWa2o8gn7ttuFVmP6t2VSC38K2D41B9HeE,MC16vv7p3BUjQ4mqxPdXYVGunJ5zFmaXt2,,,,,,,,,,,,,,,,,,,,,,,,,,,,,,,,,,,,,,,,,,,,,,,,,,,,,,,,,,,,,,,,,,,,,,,,,,,,,,,,,,,,,,,,,,,,,,,,,,,,,,,
MAUrPoxhbjtxUSRiV1gqE5kTJ2NcTeKnQw,,,,,,,,,,,,,,,,,,,,,,,,,,,,,,,,,,,,,,,,,,,,,,,,,,,,,,,,,,,,,,,,,,,,,,,,,,,,,,,,,,,,,,,,,,,,,,,,,,,,,,,,,,,,,,,,,,,,,,,,
MBR3fgWKXYHG9s9qekpivndeCLeRBYPfeN,MBR3fgWKXYHG9s9qekpivndeCLeRBYPfeN,MBR3fgWKXYHG9s9qekpivndeCLeRBYPfeN,MBR3fgWKXYHG9s9qekpivndeCLeRBYPfeN,MBR3fgWKXYHG9s9qekpivndeCLeRBYPfeN,,,,,,,,,,,,,,,,,,,,,,,,,,,,,,,,,,,,,,,,,,,,,,,,,,,,,,,,,,,,,,,,,,,,,,,,,,,,,,,,,,,,,,,,,,,,,,,,,,,,,,,,,,,,,,,,,,,,
MEN731mxZqBFJmkhwYP6YQPCVSJmstpmxY,MJxSZJ3egezwWFx5ES462WJ78pEuhLEHpw,MMKoox8MYMQ2unHzLZVCGvakya866wtMu9,,,,,,,,,,,,,,,,,,,,,,,,,,,,,,,,,,,,,,,,,,,,,,,,,,,,,,,,,,,,,,,,,,,,,,,,,,,,,,,,,,,,,,,,,,,,,,,,,,,,,,,,,,,,,,,,,,,,,,
MSfeGiHfRx6dSGdVAT4xdTzQBfHM8YXUqU,MJKLV4nqgVajzmE62g896RdCNNuyG9GziR,MH8NqUMEJ8ZVdsBjGjtEY7WpPPtudiT2fC,MSEk9hWLTwGSyj3LbauywBqvptVgga1cJR,MMv8EeDUMECTvKTdwDyGiQCfVvqPjbnXX7,MLB2npB6Pwg1cAtnF2DRzK3HKq85ind9Zp,,,,,,,,,,,,,,,,,,,,,,,,,,,,,,,,,,,,,,,,,,,,,,,,,,,,,,,,,,,,,,,,,,,,,,,,,,,,,,,,,,,,,,,,,,,,,,,,,,,,,,,,,,,,,,,,,,,
MJE6ociq2kUSZitaGivuwBR4dncQcnk5Xf,,,,,,,,,,,,,,,,,,,,,,,,,,,,,,,,,,,,,,,,,,,,,,,,,,,,,,,,,,,,,,,,,,,,,,,,,,,,,,,,,,,,,,,,,,,,,,,,,,,,,,,,,,,,,,,,,,,,,,,,
MMUbZRMc5jiFEkuUH2N9P6gsfzj6a5zqBM,MWxjfKLLdvC53ZTGoMUAJaSE4fgiLvWKeU,ME5H9U96zWX2FdtRwSDL1MVSE9MengrYLj,MEr9DLf69me8xSe5Nypn69PmWF7hdyRmvj,,,,,,,,,,,,,,,,,,,,,,,,,,,,,,,,,,,,,,,,,,,,,,,,,,,,,,,,,,,,,,,,,,,,,,,,,,,,,,,,,,,,,,,,,,,,,,,,,,,,,,,,,,,,,,,,,,,,,
MHHHtqqJebffxAoJGp8ArNiSK845mPmnbj,,,,,,,,,,,,,,,,,,,,,,,,,,,,,,,,,,,,,,,,,,,,,,,,,,,,,,,,,,,,,,,,,,,,,,,,,,,,,,,,,,,,,,,,,,,,,,,,,,,,,,,,,,,,,,,,,,,,,,,,
M9AHFryVCNoUoq6HVzJrLqbX4trAwpmELk,MRJH1hqQkwgC9aRgjAtTfBY6ZN8wAXkiN4,MBGMQ1rHhnvuqtrZSHXdhWsf3ai4CePuRM,,,,,,,,,,,,,,,,,,,,,,,,,,,,,,,,,,,,,,,,,,,,,,,,,,,,,,,,,,,,,,,,,,,,,,,,,,,,,,,,,,,,,,,,,,,,,,,,,,,,,,,,,,,,,,,,,,,,,,
MVPVmbbm7g3f9PF2xRV6RSoSnw8xfr8kNj,MC6QcoPeWdGq9ykT6K4yVPCjHuj2zGQGt3,MJEE1t89kc6HMe61KycdxFnAGYKkKGafhe,MHfsLjZoi4PJVnm9MjUyGT6nGRtLa5VUcB,MHJeWhgZnRHp6K8A4Mg99jjGA99ciMgzDZ,MBz3NXSN1sXSzz7Lt5kUU4xunrQd2kLU79,MBz3NXSN1sXSzz7Lt5kUU4xunrQd2kLU79,MNtma5xdWPaJgjWWepUjUqPqMXA9GXXeNM,MHJeWhgZnRHp6K8A4Mg99jjGA99ciMgzDZ,MDhhcWpCjVqRnHQaTBMZequWiZNsbnMi9c,MT5C7Hkwu2Z7ce2VgrxxUJqzqQmt4GDLt6,MA4Mqj3y6ems7oWNJMJV5wWz4HMvbxw9Jo,MECz4f8RCzUWBhX8AaqoZgk2QbRhjxhFWa,MAKc4btGEyiN7n7GnnzsAHRsZXjq8cnqxX,MRuhn2Wb4PQ3bMPkPckYW7oiAu1rjivsKR,MU8Vc7ZQwsxD3NNmkcF831qfP978DPwgWz,MJa7rropYVPDa3rpZSAB7QVEKvH5sp1e8u,MNTxSL9Kzb5wZGKBxaLoBLqo1aQSbSc17x,MFBjt8B757aPaQF27N12eRJMwDGN1crz2f,MG1ek6BWstHFg1XWQzDavX7q84kZjLwCWg,MAPrza7tS7MPDVzthKF6uubZrKd9ZgekJf,MHsq7KWRdhPfiksuCTsYQUABkfM4T3Nsoz,MQrfnG1BNTg3ppDe9ebekWvoZTTqyvKYDa,MCCDjSniWaogB3foHVvLGthvgDD3QiJ4zw,MSfUEzargdGgV5xGgU3HTrPP4uqzr3QXvh,MDLL7BeGsjBPjVAHmi2kQy9qphKeEZKPrq,MW6Un4z77cskmL8EtPd1KQ7j4shN55b8h4,ME46tgarHMkxojYpzXtgaUHQK94bpsfnv1,MEUt7gsFNKLwB3uUsKwxsQL3ZTpQmrebpS,MVPVmbbm7g3f9PF2xRV6RSoSnw8xfr8kNj,MCwoebvDe9Mwqx2U8doqVMFVP1YQD1vgw8,MCwoebvDe9Mwqx2U8doqVMFVP1YQD1vgw8,MCwoebvDe9Mwqx2U8doqVMFVP1YQD1vgw8,MCwoebvDe9Mwqx2U8doqVMFVP1YQD1vgw8,MCwoebvDe9Mwqx2U8doqVMFVP1YQD1vgw8,MCwoebvDe9Mwqx2U8doqVMFVP1YQD1vgw8,MCwoebvDe9Mwqx2U8doqVMFVP1YQD1vgw8,MCwoebvDe9Mwqx2U8doqVMFVP1YQD1vgw8,MCwoebvDe9Mwqx2U8doqVMFVP1YQD1vgw8,MCwoebvDe9Mwqx2U8doqVMFVP1YQD1vgw8,MCwoebvDe9Mwqx2U8doqVMFVP1YQD1vgw8,MCwoebvDe9Mwqx2U8doqVMFVP1YQD1vgw8,MGcDmTtxjeqd3V3iXrQ1JgTFf7BSJcs4RG,MGcDmTtxjeqd3V3iXrQ1JgTFf7BSJcs4RG,MCmRifAcbVRDciNK3rHognrTiwbHF7mnaD,MRFuEZ4jd5drLnuB3hiThF2wd8vj7UuGt8,MCwoebvDe9Mwqx2U8doqVMFVP1YQD1vgw8,MCwoebvDe9Mwqx2U8doqVMFVP1YQD1vgw8,MCwoebvDe9Mwqx2U8doqVMFVP1YQD1vgw8,MCwoebvDe9Mwqx2U8doqVMFVP1YQD1vgw8,,,,,,,,,,,,,,,,,,,,,,,,,,,,,,,,,,,,,,,,,,,,,,,,,,,,,,,,,,,,,,,,,,,,,,,
3PLC5bK4YkLPQai6bBRJdnKTcidP86qf1L,3QqkfgiH639ukTNXfHTXB8iFToFVAj7rzQ,372Bqwf7oQGGKS5DEZhoVd1V7dNT6g9Gpb,3FBcYSCDsBonsJdNAVVhfBSNNBghgnC5K9,3FBcYSCDsBonsJdNAVVhfBSNNBghgnC5K9,3FBcYSCDsBonsJdNAVVhfBSNNBghgnC5K9,3FBcYSCDsBonsJdNAVVhfBSNNBghgnC5K9,3HWrSeSXt2zTBpnpQ2xWWeXQF5LZxLnBFx,3Ace8bkGTr7ARGcnCx6UyAqmLTCYNxKr8E,3FLKDxadjzPEFMgqhYP6JNPVFTT8mkRwRz,3Cm8HUnZuizZSo8CzBsQ6WCrkvm4tpS8YE,3AQUMyXSzzSqZdeRWpUsNrquBjL3ZEqSMp,3HAB1Cxq8py1GwJTJWBgE15Yrkksbh3iPw,3842mKveerXKbm9ipx211eRpHybU7abBkA,3ERgudhoJoXQkNRj1XQs6UDfSyRrc8nUa7,3FBcYSCDsBonsJdNAVVhfBSNNBghgnC5K9,3FBcYSCDsBonsJdNAVVhfBSNNBghgnC5K9,35ddPRRjbyqvZhn44uBmJAR6a5kCki9hQR,3FBcYSCDsBonsJdNAVVhfBSNNBghgnC5K9,35hFJ84bvacRYAQ8q58GE5ugPTVsdUcN2w,3BpM1szx8AwSFyH9s5cSN5xG7RLBaSvej4,3FBcYSCDsBonsJdNAVVhfBSNNBghgnC5K9,387XRZpaRKTUK6qkfRjRq6vadqkCuDwEhz,3Jno81NNCxSqjS8sqdB7P2Gk66qsCyRHGN,3Jno81NNCxSqjS8sqdB7P2Gk66qsCyRHGN,3Jno81NNCxSqjS8sqdB7P2Gk66qsCyRHGN,3BxX58gSMw2nB7CF7dsvWkPVJ4Wi1iU6Hd,3CJqFfdxKYBnpdxZxXtudWJiJH1Z2H35pt,3F1ZrCFaKxCJmhmko8KFcuprDyEyWLQVL1,3Jqtzz6sWDNk3zs5AqtUmBEwd2yaZS46Ld,3MB8Kpxpc7BcUkMKcPbbyqnVPgJrHtnwot,3CyXNAA1Th1Sc7gbExLWWR5apEQ4zNBtdK,3Bd4DcRK8NKNPQdoRYt8hYFuQy47VbqCo4,3B2fs9J97kSXP2eEFEWnVrBQf92DpW5niH,3A8DrWGxuHEWBu9bTUewVbgmpgeDmKJab9,37UStya1SHd313gsouh3vPH8RvCK9zL5bC,32uBuAUfbjj5ejoPkYjz8tenynnThkf5b2,3JsSX21ZCEw8UtAZq1pCT97KGKmgrzSKrS,3FDKZj9GS9adZ9UmhmnJPuaF4qLWwqyMhu,3JCKHrfuTomjstRknDoiCrmQuoWaPKytb4,3R1sdSaUHqnh9GcLbWTfNsPEcN12Y51mEY,32c6yvqpLFKRNYewSd2JqbnHVREfpWQBaX,36sCW7dGgWNSxMga6C5cJFrePM58VCQXWx,33maguTr3277e1k15bDYv6Zdt6DiDE9UUN,3HDg747YoJbGFxCQ5FyZtKdAAprMG3auWW,35aurKpcqAFN3Fsiegi9D4hC8ohnFxfGhi,33yn3SWHauPdCmG4ZqxxxmGq7mAFDRtobS,3BArQJUFJFSktrNEWc8pUa4u7q8ZkpLGYs,3L2XfkSDj2QozSsTXuLbKRBaE6oE8BmZSj,37kPi29VKJWQkpknjqzZcvTBjGgxPzVbdp,3KBs6PpvpJNx64EkBcKKjokGQP27gXjG5w,33YPt7wa2EA7Dspsjbbz1dgoyD9mGpvGUD,38HwHcWxKdLnXabXrjRAcK7EvRSaiL2Ut9,3BXDzHAZdm3yoR85VF9jef8FN3vt2rZkLV,3FvPE6rwYjn16u68SCMpcTgqyoHBEXXH13,3JQXrtkFZZTAmqTUPHkUY4T6kqe3Fq5t5a,3NZJqX4THc7hiFzxyKiZTS1pd1C6Z7fP2H,33C6Sm79YMAGUnsSFWQa1ud3LpAYfgqiR8,3Bb627it9wtW8vUMyZwtyEQ7fceDsor62j,3Bejrm3y5Vg47N4tPNFQjRRnMSyFtiM152,3Ao5Rzi748nGEC4pKAWnRQytV1hcBnPvBd,398XAYVmTtRaKeS6qSkZQCnPgpBygfibtR,37s1PkbDTPMQ5GcbBj75PRrCWpEktKfMk2,3QtpVBoN5sevT1srSdBpDDD16MWgzRUbxt,36sCW7dGgWNSxMga6C5cJFrePM58VCQXWx,3Cqp8UT9DwSYUpngCVpwqh46VVCzDixcbP,3CZiz4wP8xXmrJPbGqt9TfmwsNqj5wb1d5,3HT7ZK2vcmAaQw7c88DK3xtdjzcqLs8khp,36CHsFweHfPwDduH49HofUw3uojEEA4u4E,3KCqJzSsTtupUv1FiM1ZAskim595rNxv2u,3FAbbdu6YSH87Ecg6qL26yWJvcGUSPvBHs,3GXuDUw3VebCWyUJSDT4XRjJrfJ6dcYcVo,3CMyTHJqeq2SwrnzRUS8HDcgdHMtTNkRv6,3E9RP5oBkcq9ANQqG1r2fum8QHJh3breCJ,341igd6oAaEaRD46K2Yj8BUFfHevfodzHN,3FNyZsj5VkLuiu3DdherJo8s2yQ7EMGEPF,36M7TVVJ71xTz7i4N5tq5WmFjHqp6usN8K,3Lq1gRhABuDztP8nyQnieG71xWJAjncygF,3ARH923Y6tPpp59eUdb6kvPWAVp99FtJ5S,3EYW4Anh1oJPwxzoSGSPH1rqnpftkdafHu,3EYW4Anh1oJPwxzoSGSPH1rqnpftkdafHu,32LnexsgdVP39wYETdXmMrYZbwkMStwkv1,3JPeDmGEa39mvtjVFS3S9mgq53RK3GEk7Y,3ANJm4Z9zVKnmDMeW1aEUcpiMBuVP3WxqD,3L5d9GQRrrSyGymhJmdxWeEbHkEEba8B7V,3PxCM3HwCk4WRn439c8oxR5ETU8Tn2b8SL,3PdZJqz6T2WmXbwnLBSAmNh81vC19anLTt,39JTJ8WE65sVZbFgf1EyMH5d5jrq6YpixS,35XTyKQge6noRpU2mNCGmxwYnZZFiYg2W9,3ADZPThAt4CbT4wEwBeEqeRQ4bDNhgsQGa,3P2GpBjCN8sBS2MVUaAfTTDm8uRoL6sFsg,38jc1XrKdeF6j1LMWw4dWx3qkPGWMTDVP6,36sx389xssL21jZ5vJbUhypG66APH7oNVj,3Kg1LbAMK34yFPRZRvrcdKHmSb673yaG2c,3HHmjc7qLroPbF8F8foHj3VR5EwDRnZrrh,3QUpFCoCPtiqdgkvH5WRTgvMVUNWBRdzyS,3DPjobcnHdJf5t4A8VMh8pxrm7ANMMwY8E,3DHXcpUgGLsM8vdCE3GXHB7cRgrRYDqA1Y,38iGR2xFXpRWRXX5i6xnyitKy5FeieeTXQ,36WTy13gaKLGEvbZDj3AQTisuRcFUN8dPz,3DHXcpUgGLsM8vdCE3GXHB7cRgrRYDqA1Y,3DHXcpUgGLsM8vdCE3GXHB7cRgrRYDqA1Y,3FsBDU8rwCaHRpNhmJfiY8mk9j1EvVkc5h,3MnRdP5zEQ4Gff4n3SxA86fS5sKRoGAk1u,3KayWtsLM9b2msk6KnZWgiy5L1DjGueFy9,3Eo65KfCu5NMv39jiAp2QM1UVYfmH9RgiC,3DHXcpUgGLsM8vdCE3GXHB7cRgrRYDqA1Y,3BDUEWkSqBTUChMnqrRinzCtrtDAvZpvVq,3FHdadRH3yyq3pqk7ZQRn4h6GsHFFcFYKQ,3FDHB8h2qz4Bpbm6MWDcSDgYmNgEeR6qCd,38SmriZry9gt22NVLpknDPCFctTZhN5DUG,3FzTVYu5inXn8jp6ys3vHjRWw7zM1tHJid,3Jz4M47kexR1cF5kzAQbYZ3X97atBzUbFU,32VCFHPWZq4UN5NPxdJ9dHMHLL9UbE3hsj,3EYW4Anh1oJPwxzoSGSPH1rqnpftkdafHu,3KPiBofQbyDvnzEDSYUZZUzmz1HZ3Uzu6Z,3JvJqPMyZCg3E88tmChaw3nNHdLMHR6GXq,31hRbA2WaYJiCnkyrCxyhFJHGmtq24vZN3,3DXmsn7H2Gpd5LW7PbucyY78Pmy1qswpu5,3FLKDxadjzPEFMgqhYP6JNPVFTT8mkRwRz,3HGXPUpUUSKrs8j5nZBikc4c5rK8Ep9rqd
MA5vwwRiRgSJRJDYdu7geonbZYBTcJ5GzW,MA5vwwRiRgSJRJDYdu7geonbZYBTcJ5GzW,,,,,,,,,,,,,,,,,,,,,,,,,,,,,,,,,,,,,,,,,,,,,,,,,,,,,,,,,,,,,,,,,,,,,,,,,,,,,,,,,,,,,,,,,,,,,,,,,,,,,,,,,,,,,,,,,,,,,,,
MBTnsf6wTJFszAaWs12QvzWaaEGdAzbUyt,MFbJjkabLnDuPQoU3cBAppbNf6baazgiNq,MTv7sDRWsCmoqPxa5k4qJCcawxJ1uqGuS2,MEHT7KFQZRiuofbj1Yo9gCcxjG9m5KbzDh,,,,,,,,,,,,,,,,,,,,,,,,,,,,,,,,,,,,,,,,,,,,,,,,,,,,,,,,,,,,,,,,,,,,,,,,,,,,,,,,,,,,,,,,,,,,,,,,,,,,,,,,,,,,,,,,,,,,,
MQwUgKWSBJQoXMfReWbh5y4ESjHaRSkWhm,MFPJ45SHHJ7eQQ7Yj6AY1kqN3LpWCEkV4Y,MJAccHtFxGDSs1NpJPh8zF8ckng8VHhN3r,MHMDzfTyJuonqkjpVFxrWNFkdPW4YFExkw,MQc6nye3dKPtErJaQ5kZDF1Jk8m77vAK9W,MMNYGKUkAJjtkiosvtzgeDhDYmgnaPVQYk,MQwUgKWSBJQoXMfReWbh5y4ESjHaRSkWhm,MPNV8Vhac6j21b12WnzwrG9CUFz95iQZNR,MAYw6Jy5xNqJzLL7zEMdhd4ZNxbX3Q81tB,MMk5DUTD8DuEVKfcguWn74KnaSH4baLVEr,MKB6mdmiwGAbbCqA1Lo1S9Mtr8t5ePyeAd,MStdVcRfViTUQvNiJ8TyvbFJXUDJrau4kk,MAqY1XT6zdUjPhUYuPBnBmtozircKrGhUM,,,,,,,,,,,,,,,,,,,,,,,,,,,,,,,,,,,,,,,,,,,,,,,,,,,,,,,,,,,,,,,,,,,,,,,,,,,,,,,,,,,,,,,,,,,,,,,,,,,,,,,,,,,,
3FBcYSCDsBonsJdNAVVhfBSNNBghgnC5K9,3FBcYSCDsBonsJdNAVVhfBSNNBghgnC5K9,3FBcYSCDsBonsJdNAVVhfBSNNBghgnC5K9,3D8ZBNoxFJ21dU1CBMmnMpqc8qvpNbASem,3FBcYSCDsBonsJdNAVVhfBSNNBghgnC5K9,3FBcYSCDsBonsJdNAVVhfBSNNBghgnC5K9,3FBcYSCDsBonsJdNAVVhfBSNNBghgnC5K9,3FBcYSCDsBonsJdNAVVhfBSNNBghgnC5K9,3FBcYSCDsBonsJdNAVVhfBSNNBghgnC5K9,3FBcYSCDsBonsJdNAVVhfBSNNBghgnC5K9,3LhSVm9Jxxou84yXxf6bt6XCaXttVysckf,33TUujj8dBJAoLuZW6wB7JSw4JSAV5LTVE,3KYfaqZd1MchpqXHg3iJYDQeuGHbvhtM9B,3N55b8nyGxjkyKVNyXmWgcbeHxXVdntc4L,3KfnuTo1v1t32VEtRcedqd9bbqMTxCgTwc,3LBL9Gjagm7TJWTtiqcfZccHP2PAqnAdqB,36mt7FsAnuGVHFCXN2ADB84F4jyAFpHyw9,3FiymdsmpNhZuriW5RDhPXJWS5zpG2Buk1,3GbNwDzPmDCE3ETTWQEKvUt3XWJov79p73,3Az3rMX7MWsGGcRiEg8jru3fe2cB33zw1K,31nJYYnrLiRT2KpXJceG9qnj5CrMBu8rfi,3FcHRxsmopsVmupztULJv2DLpsvqH9PqJf,3QzuQSYhM4jfw6Zo7BrzDTfoqHzpd9TSD2,3B1Qgz57pJLnhdCVp3n8xM7reCRHjGHiNh,37Z5EobHmdfCx7UohMUesZUz4AjAU9azRb,3E2ubtAtWpMNqBkPBqjR7NZ6U1Nfd4kyCz,3BaWEVjpKj7hq8vaL4AgRtprTGdroXZyQ5,3GmE3dUPuem5o8uPAacTVfwwNTrfdeTUGy,3CzBJv519EX5bvQDJF85fktdmwM6gbRoE8,3KfRQPSaWLjg4TLtE2GphdNCBBgRPmcfah,3B9hucaNpmu8xJMM8atiKjNrc2DjWgE3sj,36smP9VRu2zptDUFN1EqVKS3NccXtL1ZSa,3NG5Lysuiyu8AjtQJ8R6jLTKCiVhn35yto,35E4StMbSygHCmUu4Lo2CSZSebLzR8kMWD,3DHXcpUgGLsM8vdCE3GXHB7cRgrRYDqA1Y,3MaKP2NWCN6ytKxmzTKgQ1198bfz81FX2i,32mZmxn9VVUJLbWBLccuVCGtuxunuRAkTW,32QvdnZho6FbjxfeperoH9o9DqDow8WmB9,3PfjF4MWNfEsvdyJeyBfLDFS3hMBYnvvBZ,3K3J1btFveD5jZ8y5ZJneuGeBvYfjra7ZB,36sCW7dGgWNSxMga6C5cJFrePM58VCQXWx,3QkWnT3dnnqQzuEsiMa891ZnRo2Kce2TEn,3NAcuzjb52vZHZN2fttyhiKqp2KrYpKzd6,3NAcuzjb52vZHZN2fttyhiKqp2KrYpKzd6,31uh798omKWGFKyoq5K4CVRrUAieyWdKf9,33tcZDAiStGv2kMjhRSjrJAjgruc8YopAq,3LxBVqHWCWJeUtJhvrFiMLho5BUf7pjLiC,34mVrBR8WC5qtRxctUgTYzCWiF2F7Zmz2K,36oA331ebpzNaWxZo9Um3Mcf3jgKzqu1sA,38bpkMJiU8JfqSKHZVbAYPHGj38KnJxLAy,3DHXcpUgGLsM8vdCE3GXHB7cRgrRYDqA1Y,3QYyshp83hA38Wi5WajCNDjBh8PYZkJEDT,3DhW62RmHpZTyLcEP6uiEG5nCQnvf5aycJ,35wicRB1p13Pz7DR1D9ferictQdRsJHPhp,3DHXcpUgGLsM8vdCE3GXHB7cRgrRYDqA1Y,3DHXcpUgGLsM8vdCE3GXHB7cRgrRYDqA1Y,3DHXcpUgGLsM8vdCE3GXHB7cRgrRYDqA1Y,3DHXcpUgGLsM8vdCE3GXHB7cRgrRYDqA1Y,3DHXcpUgGLsM8vdCE3GXHB7cRgrRYDqA1Y,33ugNz3zMrvydhB6GiXqax5zQ5zsxhF4DH,32c6yvqpLFKRNYewSd2JqbnHVREfpWQBaX,3DHXcpUgGLsM8vdCE3GXHB7cRgrRYDqA1Y,3QiatProij74gULfhqHDti5jpNWHEQCYju,3PLC5bK4YkLPQai6bBRJdnKTcidP86qf1L,3LxHaJLVVVEoLHdgmACtzWZzkksGJPE4gy,3LYhGazmZQzqzSArRJRKLtRZp7yc8TXM1j,3DGSCrUGkFrrdWoNETD2Xk5qTXqN9vGV85,35FeiBB27wz7TfHfDZ64VyjvK7B7fAuYRP,3PccT8qRYuoJyJjGbsco9DJj22cPq6ZaVz,3JBYt9XmcvwGyjFVYhEoJAJ9Mme8RkMNR7,36WRT7VnCEmQJBrjVRpRTQuSyvdyvbdkJh,3AtFZS4bEjcow6wySh7AHf57v5vXd4AAgK,39SVGriem1TsZsZLoXrjxz8pMPTa59oFvP,3FsFbYZ6KNnimaQ2TaE5r4DrYPakort8hD,3NWQuC93W9eqgYgdXHsUGz7cjxM2Anf8zB,3Q5ug4bTP25DA1ea8sqs1Y8jujR9jwRqSg,33TUujj8dBJAoLuZW6wB7JSw4JSAV5LTVE,3JErCp8zQBxGFPqUwyWWfzVNLWKCxjGgZy,3MMuJn6d8dQTw8Q3NadFq9Xuwt8dNBkGXw,38rm1L9qH1afTEdje7JsHrVMpDTEL5aNt8,38rm1L9qH1afTEdje7JsHrVMpDTEL5aNt8,3FWrAxdEzc5eXW2F3v6s96Hck3A3BsPhWE,38rm1L9qH1afTEdje7JsHrVMpDTEL5aNt8,38rm1L9qH1afTEdje7JsHrVMpDTEL5aNt8,39AbrvAw4QaHvN39zDH7bQ6c3TKjMYqgwK,36sCW7dGgWNSxMga6C5cJFrePM58VCQXWx,3HAB1Cxq8py1GwJTJWBgE15Yrkksbh3iPw,3FDExR1HsMUVKJDvzdNiwh4kXgTEX7bQxi,3FvPE6rwYjn16u68SCMpcTgqyoHBEXXH13,33yn3SWHauPdCmG4ZqxxxmGq7mAFDRtobS,36tMd6o4vLpQjYg7ZpmBgTVFZoJxb8WKxm,3KYfaqZd1MchpqXHg3iJYDQeuGHbvhtM9B,3CQ3n8ofibPD7E7ipnwPct1JBXpHNsVrk4,3A8DrWGxuHEWBu9bTUewVbgmpgeDmKJab9,3AH9WZadHt1FCW8VYLSNLyU4Hhwu7dyuDE,3AAwxBQSuzco9PnBN3Y9AiPug1TRRaCJgR,36WRT7VnCEmQJBrjVRpRTQuSyvdyvbdkJh,3B1A63tpkiKTcZVKfU8ZC2kVnotUPRA1Uq,3BXDzHAZdm3yoR85VF9jef8FN3vt2rZkLV,3FUGopeMDFEdhpkEXReXQgMCqmA5PTtM5s,348RXB7zkUidqtSXsW32v66yY63T3WPLLu,3HDgqD8dZ73v8MqJbxnDgUZSXwydgr8eaE,3BY74VE1eJrLuncbdLYRjc4riaMJRBWai1,3BY74VE1eJrLuncbdLYRjc4riaMJRBWai1,34bvfNtVxTTa6mULmNAY3KUc2WXFSPFLck,36wZyk2s8pJbCPux6j5vyUonZFouj2JPma,3BY74VE1eJrLuncbdLYRjc4riaMJRBWai1,34bvfNtVxTTa6mULmNAY3KUc2WXFSPFLck,3732iPWjNC3LbMN4EWCDqDqURS1EenvF58,3FmbS2ypLMZipf4S2LW2dWs18uQgSv4biG,3FWqRVc3Td2fMfkLs6KkQSRAEeEh7czLPB,3BY74VE1eJrLuncbdLYRjc4riaMJRBWai1,3EBCjLf3ZpFzZ5ehqExj979YxkVpRAmAJC,3NrT4cVNzYL1qEeRxYPSiwjHo8NSUshDFA,,,,,,,
MGQTKNcfs3SGJjfwrBSrcbnURMWUo9g4gA,M8qDpKR3dVNUxjCXooPvQaDqgF1tWnmmUN,MMKkuAgAkzaP1c1vpBbeMxkJcN8AFiFJNw,MPQyV9dtt5WX8w9i5ePC42NCmSuMLbp9pG,MTXioy5Zt1UgUWtresdiTPEJ3CiHWoAANg,,,,,,,,,,,,,,,,,,,,,,,,,,,,,,,,,,,,,,,,,,,,,,,,,,,,,,,,,,,,,,,,,,,,,,,,,,,,,,,,,,,,,,,,,,,,,,,,,,,,,,,,,,,,,,,,,,,,
