MASa8gJZLg3AGa5KZ1ZgYNzq9h2yYDLyxi,MU2gHraRc6nXqTSv1yiGZVEBkRn1hNH3qR,,,,,,,,,,,,,,,,,,,,,,,,,,,,
38PQRmEhbyBVjNCeRY7acrBXHSyCpqSJUj,MFLKmDkrQsnhHGT4Es5SpWcExNcVd1HVSF,,,,,,,,,,,,,,,,,,,,,,,,,,,,
MWBwQsxqgpLj7Zqj3AAdYbZ5dJRnDd9H7P,MUhGfNTppqLYktqLAA2YCeLEcFd6t94fFT,,,,,,,,,,,,,,,,,,,,,,,,,,,,
M8Ug3UUyAJr3Nc8UUBDjDezKo3uXvA5QDw,MVqieKVr2uzihhiNkhMuAhc2N7S41a5uLU,MHQTjqVhZLQWNaeQB8Y7RaP1dWXjfzk4AT,MLHQKpYGnha8qHha411cYJHdo9kvbfwyWq,MC4iug6p5QP1fsk6CL8Tx3MGVoAVkiNUJN,MP2gaQuQhvGbrydimQUTSWmqQY8qy4kENk,MQ9bgnQM8AtUVc4JHpbFA1xHE7mW2K4mTW,MT7uyaoLDm5sdg67VxZS23nioLvpsUtf9C,MPtiPLFFr9XQPdwQt8afJ7Vp6QeZMoQPJP,MU5hcjdnPKoeDsj9sXqGncMbnbLXChcDqh,MQt8kedhPKKjaWnxqS9LqgyUndbgQZfZ4K,MVzPnwmc7aKpgYbGSaf2WHrib13zmcnGuJ,M92yiviZuFnfmxGBTLr5nyrQnMewX4eCvK,M8Q4GijhdJzfYrsTre97NNeToUHeKHsYyE,MEcV4yqhxhtNYiYSqR67zZEF6Uo3Y5Pfje,MQWJQxCqze5CqPZK7cwmrCAeFUGhprrGba,MKzkjdEabZjRauvtSghSyft8tdGg8VmipL,MPKpnrhDLwjtpbXjnXCF3yGNybqd1ehgmk,M9AcygSQSJnxZmRbnn179ujqJCCKDoLVP6,MGquU8JKiWBySyQgDq9wKzVuHabJeqfpYJ,ML4Sz5tDLCsZrDv6xpTw254wdzNGA4wecG,MH2jJY99RQJENifHW6dKVgyz8Jaumf2i2J,MKJqCohr4Lh2SdGY6hHantXeij9Pmh7ge3,MB4h3wYqYHdRvT6Q7aHXF4tebvoZdcGGKZ,MPSdnzyGHnuLTw5h9tzXsnqqA4gMBYV4Nu,MNwuUjjjWPfULk7QCVf4k4EQuSzxjK1H68,MNcPDmwZHr4jCM8Y6p3HEjbCtPWXnfQ4Gp,MJj4jFqx4rH9d56dfyGYcRqd8bWtY7w5qK,MN7qN3ni3sT7xrUfbkVkvALQUD1btYvmNR,MNirPx65zn17t2yv5QM2V16KsBqkZt2uX2
MPKk3nQv8wvxLzbKzPj1CjVYsDRacxAdmD,MRMsAkuVQsYaFsrzXbQumZFM67otAvpTdC,,,,,,,,,,,,,,,,,,,,,,,,,,,,
MVFfUTmrT8K4byK3Jn6Ac8jdmBLgzzPLJQ,MRWbgnj92NoU6dv7JBurT2WpVzrroPu5jq,,,,,,,,,,,,,,,,,,,,,,,,,,,,
MBD6frMJrLFc11FSQgMMC4nMAbiETBWzV1,MML19zC5Y35Y1WxWhRKX89vKnG5FoWX81q,,,,,,,,,,,,,,,,,,,,,,,,,,,,
MKjp4Grmdy1RgM3zJbbHuabTPE7r1Zn6oL,MNRULbjRY58n5KTtuCM2CPq4Xb5JzcW7tL,,,,,,,,,,,,,,,,,,,,,,,,,,,,
MAXxhzu2Y2Gf4RuS7YDDgoXZuwh89NhTeD,M96P8BSk2vzS8DFGLDoLTAg7yQmvqnxCeM,,,,,,,,,,,,,,,,,,,,,,,,,,,,
MCoqp67XGhnnHa3LWmDhR6uL3d7NRLb9xg,MPyHqMdUDphyA28Eb2QGiFMVXqo9Mgy75W,,,,,,,,,,,,,,,,,,,,,,,,,,,,
33CR6kU583AEeaXfGEFQDwZfBNqLiQjn55,MHj8rWRPejUH5UPCxp3vXUEwtEmLLyNo4N,,,,,,,,,,,,,,,,,,,,,,,,,,,,
MVoKu7D4Q5XxQTY4YZPfR2qCFAHgaejuua,MVPVmbbm7g3f9PF2xRV6RSoSnw8xfr8kNj,,,,,,,,,,,,,,,,,,,,,,,,,,,,
MF4WqjwQ8WX9HCavPnyHwuuQ7CqHX4RMFp,MLsLHMEhWYkH8nmwHw9ftbJ9CjH9L7cf96,,,,,,,,,,,,,,,,,,,,,,,,,,,,
MTf2Rr3eLL4tXUpjSWPkYorud8CwwgedML,MNoXyaK5dzGiMGqRcmYgr6hPQdYnovhb52,,,,,,,,,,,,,,,,,,,,,,,,,,,,
MK9cckAkCUpkJvTpjCrorCJCibCjgvMLPU,ME9SYAH89oqnNfDCZErkoggAi1kpK7MzkT,,,,,,,,,,,,,,,,,,,,,,,,,,,,
MFJpLZC4k8zG3pmdzKQXiAyCZFgfCguvv1,MUqSQ9479YFbnSNCv2s7vimmW4ZLQo1tLh,,,,,,,,,,,,,,,,,,,,,,,,,,,,
MLwhjzTsR9JMBkHkoJwEkp8n1QiqfzoQ2V,MQWKYZ1icHHxSAPp8t2qGoAgKbjbaosRkD,,,,,,,,,,,,,,,,,,,,,,,,,,,,
MChnnicbphsiKAgUtFrdxBemmbFGUwTVHJ,,,,,,,,,,,,,,,,,,,,,,,,,,,,,
MTxsP9E4mYtPuwxezg7SHH6mx9LKBrRLX6,,,,,,,,,,,,,,,,,,,,,,,,,,,,,
MGEk7QdEyHVpBNhHgZQS4KRNhWKhuKkGZo,MPc8mPUXgWGoBRcGbtD6MmK3KyYDjJ1DLn,,,,,,,,,,,,,,,,,,,,,,,,,,,,
MSSAY5MrFaj7W6EA5sYLKG2eg1VA9sifgB,MArkS85HMMZiAQxQZtQWQ9vpDLMmZ8nXTm,,,,,,,,,,,,,,,,,,,,,,,,,,,,
M8KGDiiA3mmfuh6EHpmLdPHuJjdLFzPPhy,MD7rreGuW2LjwbXBos3CFbE7UEzfZ1f2ry,,,,,,,,,,,,,,,,,,,,,,,,,,,,
MJ34GjEsCxCRHLLH6SvCHpf54stg2Cviyf,MK57KejEa7nWvCyyUaEnnHL9jCfFXmzFe9,,,,,,,,,,,,,,,,,,,,,,,,,,,,
MLXj3jmgeH4ZoTrRWHZHTmCmrQkBydfNyC,MT92CDyWWTKX4tKKcPh7RPJGiZeZafsViy,,,,,,,,,,,,,,,,,,,,,,,,,,,,
M8MXRBTvgoGh3Bha9Pzd5KCMgGrw5929r9,MKc6i1wJCpwqjy5H9V4NZJLgXKJGj4JXrM,,,,,,,,,,,,,,,,,,,,,,,,,,,,
MQ8idTUCuEagARyxsFvGYjHibYS29zuXyp,MH6YcBpBBE2PbRQbSNRktDXdDzgCeY7ZFi,,,,,,,,,,,,,,,,,,,,,,,,,,,,
MJm7vVokbxmxDzvb77cNhFij7nmm2rMHBk,32hKGSwppmEnw6wc3avhhScZf9pcGYjeAE,,,,,,,,,,,,,,,,,,,,,,,,,,,,
MSFKtvT1JSXDDJ35y7kyX72HgDGEY1Xdf6,MGrdFKTD1KR1MPTzzBVTSmCtKMAbcdBDfR,,,,,,,,,,,,,,,,,,,,,,,,,,,,
MGAsFh8Lr5jjqrZRHskvE1PQfkjeoCVuP9,M8mbptrwQNXvpny8bHpvnRqPccKH1nf5iE,,,,,,,,,,,,,,,,,,,,,,,,,,,,
MKqXG82uWtaZ1NMRdsRwcNyGXnvREfUpYq,33M2u72xwzkfXsvuwg7h4qu8ApvLtcV7qW,,,,,,,,,,,,,,,,,,,,,,,,,,,,
MUiUmuH95UHJopXRyDtW5LrU2PZFttamHW,MGSxzMBu6RgYa9H17nNyYyaV76YiDXaHG5,,,,,,,,,,,,,,,,,,,,,,,,,,,,
MC8WsQk93VDLx4rQveZzNNeFiwaYRQvb4w,MNxd2cgqsFNFg7dGUdAovkj1BnAYLNRVjW,,,,,,,,,,,,,,,,,,,,,,,,,,,,
M8hbtKZ1yCoTRAD4WETwKUokXTser4Zf7Y,M8PaabX1Dc9vzR8bPMHC7kWuX8dsKHxd48,M8RMfYm8eVLdJaEcvT2oNLDJKm3kyGLSEA,M8xizvjzed1ddG5JLNmfE2osYEnAeYPxgs,M9pqoLe8uQXZuf2Zp5kkZh8apZwpJgB27S,M9ebapWDM7NEFKDGn9kZeKfWgZSrPBJXrS,MAFfnYvPdRUPxjR78qmi46td6ocUaZd1Aj,MDeRKQS9o1MgPjku8ykFoAcLAnWKKKCMTM,MDMFpxx276CPzCDBhdAtcZqhMn37FMjMcS,MF2jqLXnFpb6hCgJFT3tAF14GcRNsVj8BJ,MFN4AQfmNFBikdDQphYog2XBd8Acuntpm6,MFw9KzVUSZW6qWc1yod2eFt4dwFrgY9WKu,MMZ7XyTQuoDBo5cpRqN79zHrYYsMSbvRQT,MNNtn9KPT9Rzpufo4QQFBtpX7uYA1BtBHa,MNMh659n5TUqyMUjodGrv5PLgBcmze7qEp,,,,,,,,,,,,,,,
MWKH7HXadsSZxP9SfiMWTKP8TZaQQVxqCZ,MJesURQyfpECWpJK2a9eTJpzMnnR9J8tvJ,,,,,,,,,,,,,,,,,,,,,,,,,,,,
M87YX8ibJHGWyftfzPz73t5vY1C6S3Vakz,MBTr6oXWuUUG49T4bWQzKeMwuepcaXAq7V,,,,,,,,,,,,,,,,,,,,,,,,,,,,
MCU1ktdu3AofqveXme3e5fiejwCw63qr3o,MTJGmnfmwYnhoRtzi4VvSdLWV3BCmm8EGc,,,,,,,,,,,,,,,,,,,,,,,,,,,,
MKTMYMbToYX8JtWyBh2FFiZ42eYY4KL4oX,MKXV8KnPii92MyQpVFPxoS256zVtjyofh4,,,,,,,,,,,,,,,,,,,,,,,,,,,,
MBadeM7wjqRpXoRFxypkDvTtNUB4FexkMq,MSjcF8fqcuQPpRARCV7VDiyNjGKoHrbA73,,,,,,,,,,,,,,,,,,,,,,,,,,,,
M8TZYM2awcBdR8dBC7Jq4NBwPYjgrC4jmz,MAL2XMWY27WgdcwXPVaDXL62aEzDW5bR3t,,,,,,,,,,,,,,,,,,,,,,,,,,,,
MX9HCuFGVCicLnEia3bgTJr3iJ7X2UBGpm,MHuCiUxAgWLQbjRcpYGh9VZNWADM8FSYMM,,,,,,,,,,,,,,,,,,,,,,,,,,,,
MCQkuKHZ1Q2ZsXeq2LgFpPiPPNEa8JtxX4,MUqSQ9479YFbnSNCv2s7vimmW4ZLQo1tLh,,,,,,,,,,,,,,,,,,,,,,,,,,,,
MNQiTTTcNgcRN1UUabRavcTYs7MuCFTK6W,3B8ejMP21ReFKgadRc91vBPqEURg5m18Jd,,,,,,,,,,,,,,,,,,,,,,,,,,,,
MB5dz54S31VkAW5AazRsCzZX6Z1dZ6T4ce,MHjtbZSN66p9SsPwYkgRecrTXRbWtsoLU8,,,,,,,,,,,,,,,,,,,,,,,,,,,,
MFa2SuB7EjKRuZNiiUt6CGXrUaPnvvbH5V,MNKDuQcYBGS4gcGMCtRjuwWqSLSdL1ZBDf,M9JJ7TSq7hBuSeyNMcMzcrDimt8ZPdPwgR,MHEpKsHKKsQWqZqWVzhNzQQeqoj9pMqqTG,3DCM9ZqgbhnvBAaSw9ERaSVVrnjxtXdtE6,MUPqv8uyHqjrC2Zc1pXaZ5BReo3nX1wgCA,MN9FyJWcBNVipH79rhmcePMsVFH7zu98hP,MJb6WuUKQG4t24xmf9iimEQ8m5hueGyuEs,MWEZGeMmpTEAUBvydtdDa1G9UFwwJxi3PU,,,,,,,,,,,,,,,,,,,,,
M8SmpkZAXvoYWiENYoRBHipnFSofWChCWg,MMvQDMaYF945kYKWzhyrgFY3mPAWrsYCTf,,,,,,,,,,,,,,,,,,,,,,,,,,,,
MTfT8H6LXCaPWMmivKCnmmN49ny3qqRcRb,MFpctEhegSrsMtVZQnGT5a5vudrjP6fiKc,MUBEtDu4yTRePXyoJbE13ichXLFNo81B2z,,,,,,,,,,,,,,,,,,,,,,,,,,,
M8EE8tMCcQSKDnRAkg4AxFSDAA6sW32Hp2,MG8ekEZWh1481fQdmNhybFhWe2X5tcMffW,,,,,,,,,,,,,,,,,,,,,,,,,,,,
MSTv8DjKgN2yT4CMhDrj9GizJR4xqrvbBZ,MHnumPgi44DZJfxggak2XF2TQ4TeLC5aPY,,,,,,,,,,,,,,,,,,,,,,,,,,,,
MA1xbWJa8nKhM7kJTw3Xkkfc53HUSLT2az,MBj3UfKnMFze1H6R2jJLue9vQNm96RppNp,,,,,,,,,,,,,,,,,,,,,,,,,,,,
MFJpLZC4k8zG3pmdzKQXiAyCZFgfCguvv1,MUqSQ9479YFbnSNCv2s7vimmW4ZLQo1tLh,,,,,,,,,,,,,,,,,,,,,,,,,,,,
MWFnQnN5gofbMZMZGvE1Dgn2qcZxh2A3s5,MC8h2mHQhVRQvGu47DToC6t1xm1BMoZNUw,,,,,,,,,,,,,,,,,,,,,,,,,,,,
MVQGSJFfRCPFA5nxdurDbDdWuFeLDVHDCt,MHQQwPy2JG4FAFEaua7XeQnCCvewbMhDXR,,,,,,,,,,,,,,,,,,,,,,,,,,,,
M9skvG7uVB18yUbWAgYpFHS2kafPT7EzUQ,MPF77N896tU3rBuXL3yZcbPpSM5QMawmbU,,,,,,,,,,,,,,,,,,,,,,,,,,,,
MDmVeQQCbbeURkFvE9dMoQKDG23phGSwSi,MPwfkHeQUBDfhvhgw5hawNHudmPZAWz48V,,,,,,,,,,,,,,,,,,,,,,,,,,,,
MUvWYf1xSc8hwGupGeZ2dKp3LVsgv92czn,ML8L7PfEYDREzfkmnrSHQs6eSv6W5KHeqZ,,,,,,,,,,,,,,,,,,,,,,,,,,,,
MQvmHQAiDi5T7BypMapVkmwHv3XfFRoSLw,MNU7UDWgij5p3PEN4xHCqxCKwRXaFSiTkR,,,,,,,,,,,,,,,,,,,,,,,,,,,,
MCx3CGJ7UbhZw86eSs6tLkqxMyHXpnPLBM,MUs4gioxWNjtUgwPUBVVdkbVH94a88xK8t,,,,,,,,,,,,,,,,,,,,,,,,,,,,
MUvWYf1xSc8hwGupGeZ2dKp3LVsgv92czn,MVPVmbbm7g3f9PF2xRV6RSoSnw8xfr8kNj,,,,,,,,,,,,,,,,,,,,,,,,,,,,
MDGvotrFM8nwgLjJwhHkuoWrL74DWyJWKU,MG65mdWd28Gmgvyc9ckAYpyHQLYUD9Vmzv,,,,,,,,,,,,,,,,,,,,,,,,,,,,
MPQMFiLuTQpHBWbY7RVBYbUKk4Gijqwe3n,MPYq1eJVWofz49Sthu161bpdzWKjRSjTWe,,,,,,,,,,,,,,,,,,,,,,,,,,,,
MKmxW1q1GQTe43gTZF22yMbDTpj2Z1c7uz,MVPVmbbm7g3f9PF2xRV6RSoSnw8xfr8kNj,,,,,,,,,,,,,,,,,,,,,,,,,,,,
MMvWCvgxYdHimnpYhdjST15PhML8a3tTVi,MNi1F7h2XXnksLwbx2HBbtk29F6xMRoj7R,,,,,,,,,,,,,,,,,,,,,,,,,,,,
MJ68SKmfEVT4E1nw3UaFZbNC4E9B4PKYvu,MBVrimYu3qT2cBwFPkZLMSZaYoCsa3DVZh,,,,,,,,,,,,,,,,,,,,,,,,,,,,
MMYAV3Csez63KQK5f8jpGEEVkjMdTxfDDg,MVT7sWBVCc4CP32Zv1JQLEQSgR2FDjisHQ,,,,,,,,,,,,,,,,,,,,,,,,,,,,
MNYprQL5fjwD4HwWSfrvE54HbKz9jcXNZP,MJCtDh5wXumRQFjzbLGtC5o4LwK8MGXBPq,,,,,,,,,,,,,,,,,,,,,,,,,,,,
MA7cDeXbsVDsWywMj1ZxtkG2ag2ewTjz8P,MCJjSWSmzuYEvsz15u7ZPLjcBAEjHF2asG,,,,,,,,,,,,,,,,,,,,,,,,,,,,
MNQPb7xVKpzBeWFpyY96nGraHiqggzK4MC,MQWetYEP3YHiPEucRCDX72Sv385fC3pUAp,,,,,,,,,,,,,,,,,,,,,,,,,,,,
M9EWRRCbQ4GLBPW8B2ccodqrLQ4JwK9eAM,MErEeQot1S6RmSYUTBXmXkrks83NnsnWEg,,,,,,,,,,,,,,,,,,,,,,,,,,,,
M8XAiMxG3nDxJcd1PBaruwn1X5ynjeB9dA,MKixaRhTeG8taJb9dWTwpHg8YGKR37jTiQ,,,,,,,,,,,,,,,,,,,,,,,,,,,,
MDcWwCadZ7oSDnB3qvFRkjoX7Pcan4mbun,,,,,,,,,,,,,,,,,,,,,,,,,,,,,
MBD6frMJrLFc11FSQgMMC4nMAbiETBWzV1,MQ1oGan43QX3LmG4brgpNhcW9TuMewgwAa,,,,,,,,,,,,,,,,,,,,,,,,,,,,
MDbQpNz8Xz3sfE4iquBQvLsaGcFhEVKSVk,,,,,,,,,,,,,,,,,,,,,,,,,,,,,
MPYq1eJVWofz49Sthu161bpdzWKjRSjTWe,MTQQgFvj6iA7KyFVFVQzfP9oqqTUhSkH5b,,,,,,,,,,,,,,,,,,,,,,,,,,,,
MVuMvyAh23UPkpM8eGAJUW2mT6LoXmrbyd,32KgZtfM4F3bEEAFdQrY8j6a9ZVrvV9TLN,,,,,,,,,,,,,,,,,,,,,,,,,,,,
MPrH76WcH8osn2yJHynF3HNw7kMFy9VmkK,M9sTAnwoE86J7TLTXfrAbuY7za3LHP4DAw,,,,,,,,,,,,,,,,,,,,,,,,,,,,
MCZug9knJkD6FxkXdiTEHeJDkcJ2ThH7m4,MVPVmbbm7g3f9PF2xRV6RSoSnw8xfr8kNj,,,,,,,,,,,,,,,,,,,,,,,,,,,,
MR2zdMqDiUWykwjkDbZuqtaGhaoWbuCfac,MCDP3jU1DkrBSwRBXeye553YXVabWdDwZi,,,,,,,,,,,,,,,,,,,,,,,,,,,,
MJhiS7q4JS4P4LmdpAggRpa8Q8MexUPtF1,MVPVmbbm7g3f9PF2xRV6RSoSnw8xfr8kNj,,,,,,,,,,,,,,,,,,,,,,,,,,,,
MCmv2pwWSkr8XedVRbJgF6XFrhuoqwDTMp,MEaBZpx2beJEkRthUZeouS29tahbpixor4,,,,,,,,,,,,,,,,,,,,,,,,,,,,
MUwvaWeHrs3eBHqLGrbMnxVer9kFtJCGMX,MPZ1GSP24sNQxT56fiA8fgJ2UjjAEB5Te8,,,,,,,,,,,,,,,,,,,,,,,,,,,,
MFUCHea74Aae6CEvtDxNqGDwDT9b82GieF,MLwAnkFQuyt6yZsejQfcuR64XkLxTYF5yQ,,,,,,,,,,,,,,,,,,,,,,,,,,,,
MWS5jrZJsqXC4X5odmb3Ms7eT6vmiqANvM,MX9psatroq9MnHLEsgrYgYMmV2tbg2cpdZ,,,,,,,,,,,,,,,,,,,,,,,,,,,,
MR4ev96bEHGjenPd5duW3PxS9KVGzETKPB,MNQuCaVi5xDJMiDc9PoFZbw9dbespLU1L9,,,,,,,,,,,,,,,,,,,,,,,,,,,,
MLWXoNZZX61JFSMTDNTqYjAN3hxkaB4F3T,MSZif14pxkB1TmJRKX1eWVpBihC9tUh2hz,,,,,,,,,,,,,,,,,,,,,,,,,,,,
MVunTA82Zb4whDqJRZmeG3sYKQy9MqEWzu,MNdemMh2vh77cZrpyp97RGsAe9suEoW84G,MRRDfuxD52XuQ7eB74gGVU1cJndyfCLQQB,MC4atRr6N2nFdvQqMKw1483C2GjXUsyssR,MNps4WQuYBbo1uWNFwfH6Lgbetg4v4Lc72,3KdMSVYubTAZYnbzbSjMp6EWuUtQYfPvA5,MMYSwLBQXtT5TLkVFKqYDkVL6Gr4jqyKYi,MLXTYBRD7pYc9NXp4dxPKfP59CzwgrvF4r,MJnmYXZyPV4a3ipCZSGPhysdqrAK1S36q3,MCGyMwkngBdkmsd9SPPPRPs58QPkruB5pU,,,,,,,,,,,,,,,,,,,,
MChnnicbphsiKAgUtFrdxBemmbFGUwTVHJ,,,,,,,,,,,,,,,,,,,,,,,,,,,,,
M87BEbyt1Lkp77m8o6pPnbTAZPvcpcrCZp,MBQYW7di4a3sK3qTnvU68Jtwuix9mjty18,,,,,,,,,,,,,,,,,,,,,,,,,,,,
MVPVmbbm7g3f9PF2xRV6RSoSnw8xfr8kNj,MBhv3obhci4hesKX1PPyWRz5fCv2oZWPJu,,,,,,,,,,,,,,,,,,,,,,,,,,,,
MWzV2mgLg2LR5iwtDSUGyxaqGAP7mnWfBs,MRKZkuvwsgd89vVmusufknxY9z7xKdAbSq,,,,,,,,,,,,,,,,,,,,,,,,,,,,
MAJJTJNxvpLtDpQhDosLQ5L6x6oEjgzcJx,MR5p9k8JusAvKD3GaJfWcodjz3EUrsEeou,,,,,,,,,,,,,,,,,,,,,,,,,,,,
MNAVn1nTzvj9n9DJpQKfYGFfy5a4BAX66w,MVgs3GQ2fUjfGBoVQo2xocsywPTAmiuzEL,,,,,,,,,,,,,,,,,,,,,,,,,,,,
MC87dNAwPVXm4fNWyJigCQkmLYMpVYsDFY,MJJUoEAKNTPntUkxibp1AZnYA6HiQdx5aQ,,,,,,,,,,,,,,,,,,,,,,,,,,,,
MMtutLk8M1nUprGuRxAJGxFxjJLEeeVRu1,MX7wBVE8t5rAvWBJNkMRQ7fDLAGeByneh5,,,,,,,,,,,,,,,,,,,,,,,,,,,,
MCjpyf8wD8k2Hk93FjxHvYeunUm8JghV3m,MFWjwjvRjAvJFxoU3v6zaiwxFASUK9ZgwX,,,,,,,,,,,,,,,,,,,,,,,,,,,,
MWpEvjHvVv2Jy8LvK68HCwGroCVppyXUTS,MD6yf6giQAfGF4JwNjcKsTu6WLciPNhLXZ,MNXuquZWUgCULKp7EUqtYWg2j6paSCqLwG,MNHfqQWWWeKoRegBHmnv81nhUzVn73AmJo,MB677YCb42xekbxDFNntBnyf6gZx2SKRSW,MHn3eqziiKTiL3BKqPPK4fP7y5FHTtXdp9,MJugfgvNGucXxybHFX849kypQc5npkTZXb,,,,,,,,,,,,,,,,,,,,,,,
M9F31eUKH5JrBn7xKSEYJDibzjvwxFj1fd,M9CrPNMCGHr2YQ6MesAwtKADH8XaZcsp6h,,,,,,,,,,,,,,,,,,,,,,,,,,,,
MEoAGWMixmfZyYHnNXKnkUDZkBnVyhpZ1g,MJesURQyfpECWpJK2a9eTJpzMnnR9J8tvJ,,,,,,,,,,,,,,,,,,,,,,,,,,,,
MQLnNxoZvkg2QvwVP75Np2gCq6dS6GUadB,3PVn2V6MwCrbfWs4ea7WgHQQi9ufCSNAfg,,,,,,,,,,,,,,,,,,,,,,,,,,,,
MG5S294TwVwZzi4oHmxodb6JZwgvfpcgbF,MUA4rZEFju1MUUmFnzMJHGM1a4VuJ9wv46,,,,,,,,,,,,,,,,,,,,,,,,,,,,
MR9BP5dZfCizfdHZjwMfLFk89Kp1JPhN4f,MJkSh3CMv1MyVEaEcfSPGcsn1FKpBG95Vk,,,,,,,,,,,,,,,,,,,,,,,,,,,,
